@babel/code-frame,7.0.0,https://babeljs.io/,MIT
@babel/code-frame,7.0.0-beta.44,https://babeljs.io/,MIT
@babel/generator,7.0.0-beta.44,https://babeljs.io/,MIT
@babel/helper-function-name,7.0.0-beta.44,Unknown,MIT
@babel/helper-get-function-arity,7.0.0-beta.44,Unknown,MIT
@babel/helper-split-export-declaration,7.0.0-beta.44,Unknown,MIT
@babel/highlight,7.0.0,https://babeljs.io/,MIT
@babel/highlight,7.0.0-beta.44,https://babeljs.io/,MIT
@babel/runtime,7.1.2,Unknown,MIT
@babel/runtime-corejs2,7.1.2,Unknown,MIT
@babel/template,7.0.0-beta.44,https://babeljs.io/,MIT
@babel/traverse,7.0.0-beta.44,https://babeljs.io/,MIT
@babel/types,7.0.0-beta.44,https://babeljs.io/,MIT
@types/node,10.12.2,Unknown,MIT
JSONStream,1.3.5,http://github.com/dominictarr/JSONStream,(MIT OR Apache-2.0)
abbrev,1.0.9,Unknown,ISC
abbrev,1.1.1,Unknown,ISC
accepts,1.3.3,Unknown,MIT
accepts,1.3.5,Unknown,MIT
acorn,4.0.13,https://github.com/ternjs/acorn,MIT
acorn,5.7.3,https://github.com/acornjs/acorn,MIT
acorn,6.0.2,https://github.com/acornjs/acorn,MIT
acorn-dynamic-import,2.0.2,https://github.com/kesne/acorn-dynamic-import,MIT
acorn-dynamic-import,4.0.0,https://github.com/kesne/acorn-dynamic-import,MIT
acorn-jsx,5.0.0,https://github.com/RReverser/acorn-jsx,MIT
acorn-node,1.6.2,https://github.com/browserify/acorn-node,Apache 2.0
acorn-walk,6.1.0,https://github.com/acornjs/acorn,MIT
actioncable,5.2.1.1,http://rubyonrails.org,MIT
actionmailer,5.2.1.1,http://rubyonrails.org,MIT
actionpack,5.2.1.1,http://rubyonrails.org,MIT
actionview,5.2.1.1,http://rubyonrails.org,MIT
activejob,5.2.1.1,http://rubyonrails.org,MIT
activemodel,5.2.1.1,http://rubyonrails.org,MIT
activerecord,5.2.1.1,http://rubyonrails.org,MIT
activestorage,5.2.1.1,http://rubyonrails.org,MIT
activesupport,5.2.1.1,http://rubyonrails.org,MIT
addressable,2.5.2,https://github.com/sporkmonger/addressable,Apache 2.0
adjust-sourcemap-loader,1.2.0,https://github.com/bholloway/adjust-sourcemap-loader,MIT
after,0.8.2,Unknown,MIT
ajv,5.5.2,https://github.com/epoberezkin/ajv,MIT
ajv,6.5.4,https://github.com/epoberezkin/ajv,MIT
ajv-keywords,3.2.0,https://github.com/epoberezkin/ajv-keywords#readme,MIT
align-text,0.1.4,https://github.com/jonschlinkert/align-text,MIT
alphanum-sort,1.0.2,https://github.com/TrySound/alphanum-sort,MIT
amdefine,1.0.1,http://github.com/jrburke/amdefine,BSD-3-Clause OR MIT
ansi-escapes,3.1.0,sindresorhus.com,MIT
ansi-gray,0.1.1,https://github.com/jonschlinkert/ansi-gray,MIT
ansi-html,0.0.7,https://github.com/Tjatse/ansi-html,Apache 2.0
ansi-regex,2.1.1,sindresorhus.com,MIT
ansi-regex,3.0.0,sindresorhus.com,MIT
ansi-styles,2.2.1,sindresorhus.com,MIT
ansi-styles,3.2.1,sindresorhus.com,MIT
ansi-wrap,0.1.0,https://github.com/jonschlinkert/ansi-wrap,MIT
any-promise,0.1.0,http://github.com/kevinbeaty/any-promise,MIT
anymatch,1.3.2,https://github.com/es128/anymatch,ISC
anymatch,2.0.0,https://github.com/micromatch/anymatch,ISC
append-transform,0.4.0,github.com/jamestalmage,MIT
aproba,1.2.0,https://github.com/iarna/aproba,ISC
archive-zip,0.11.0,http://github.com/javanthropus/archive-zip,MIT
are-we-there-yet,1.1.5,https://github.com/iarna/are-we-there-yet,ISC
arel,9.0.0,https://github.com/rails/arel,MIT
argparse,1.0.10,Unknown,MIT
aria-query,3.0.0,https://github.com/A11yance/aria-query#readme,Apache 2.0
arr-diff,2.0.0,https://github.com/jonschlinkert/arr-diff,MIT
arr-diff,4.0.0,https://github.com/jonschlinkert/arr-diff,MIT
arr-flatten,1.1.0,https://github.com/jonschlinkert/arr-flatten,MIT
arr-pm,0.0.10,"",Apache 2.0
arr-union,3.1.0,https://github.com/jonschlinkert/arr-union,MIT
array-differ,1.0.0,http://sindresorhus.com,MIT
array-filter,0.0.1,https://github.com/juliangruber/array-filter,MIT
array-find-index,1.0.2,sindresorhus.com,MIT
array-flatten,1.1.1,https://github.com/blakeembrey/array-flatten,MIT
array-flatten,2.1.1,https://github.com/blakeembrey/array-flatten,MIT
array-includes,3.0.3,http://ljharb.codes,MIT
array-map,0.0.0,https://github.com/substack/array-map,MIT
array-reduce,0.0.0,https://github.com/substack/array-reduce,MIT
array-slice,0.2.3,https://github.com/jonschlinkert/array-slice,MIT
array-union,1.0.2,sindresorhus.com,MIT
array-uniq,1.0.3,sindresorhus.com,MIT
array-unique,0.2.1,https://github.com/jonschlinkert/array-unique,MIT
array-unique,0.3.2,https://github.com/jonschlinkert/array-unique,MIT
arraybuffer.slice,0.0.6,https://github.com/rase-/arraybuffer.slice,MIT
arrify,1.0.1,sindresorhus.com,MIT
asap,2.0.6,Unknown,MIT
asn1,0.2.4,joyent.com,MIT
asn1.js,4.10.1,https://github.com/indutny/asn1.js,MIT
assert,1.4.1,https://github.com/defunctzombie/commonjs-assert,MIT
assert-plus,1.0.0,Unknown,MIT
assign-symbols,1.0.0,https://github.com/jonschlinkert/assign-symbols,MIT
ast,2.4.0,https://whitequark.github.io/ast/,MIT
ast-types-flow,0.0.7,https://github.com/kyldvs/ast-types-flow#readme,ISC
async,1.5.2,Unknown,MIT
async,2.6.1,https://caolan.github.io/async/,MIT
async-each,1.0.1,https://github.com/paulmillr/async-each/,MIT
async-foreach,0.1.3,http://github.com/cowboy/javascript-sync-async-foreach,MIT*
asynckit,0.4.0,https://github.com/alexindigo/asynckit#readme,MIT
atob,2.1.2,https://git.coolaj86.com/coolaj86/atob.js.git,(MIT OR Apache-2.0)
autoprefixer,6.7.7,Unknown,MIT
autoprefixer,7.2.6,Unknown,MIT
aws-sign2,0.7.0,http://www.futurealoof.com,Apache 2.0
aws4,1.8.0,http://github.com/mhart,MIT
axiom-types,0.1.1,https://github.com/dkubb/axiom-types,MIT
axobject-query,2.0.2,https://github.com/A11yance/axobject-query#readme,Apache 2.0
babel-code-frame,6.26.0,https://babeljs.io/,MIT
babel-core,6.26.3,https://babeljs.io/,MIT
babel-eslint,8.2.6,https://github.com/babel/babel-eslint,MIT
babel-generator,6.26.1,https://babeljs.io/,MIT
babel-helper-bindify-decorators,6.24.1,Unknown,MIT
babel-helper-builder-binary-assignment-operator-visitor,6.24.1,Unknown,MIT
babel-helper-builder-react-jsx,6.26.0,Unknown,MIT
babel-helper-call-delegate,6.24.1,Unknown,MIT
babel-helper-define-map,6.26.0,Unknown,MIT
babel-helper-explode-assignable-expression,6.24.1,Unknown,MIT
babel-helper-explode-class,6.24.1,Unknown,MIT
babel-helper-function-name,6.24.1,Unknown,MIT
babel-helper-get-function-arity,6.24.1,Unknown,MIT
babel-helper-hoist-variables,6.24.1,Unknown,MIT
babel-helper-optimise-call-expression,6.24.1,Unknown,MIT
babel-helper-regex,6.26.0,Unknown,MIT
babel-helper-remap-async-to-generator,6.24.1,Unknown,MIT
babel-helper-replace-supers,6.24.1,Unknown,MIT
babel-helpers,6.24.1,https://babeljs.io/,MIT
babel-loader,7.1.5,https://github.com/babel/babel-loader,MIT
babel-messages,6.23.0,https://babeljs.io/,MIT
babel-plugin-array-includes,2.0.3,Unknown,MIT
babel-plugin-check-es2015-constants,6.22.0,Unknown,MIT
babel-plugin-syntax-async-functions,6.13.0,Unknown,MIT
babel-plugin-syntax-async-generators,6.13.0,Unknown,MIT
babel-plugin-syntax-class-properties,6.13.0,Unknown,MIT
babel-plugin-syntax-decorators,6.13.0,Unknown,MIT
babel-plugin-syntax-dynamic-import,6.18.0,Unknown,MIT
babel-plugin-syntax-exponentiation-operator,6.13.0,Unknown,MIT
babel-plugin-syntax-flow,6.18.0,Unknown,MIT
babel-plugin-syntax-jsx,6.18.0,Unknown,MIT
babel-plugin-syntax-object-rest-spread,6.13.0,Unknown,MIT
babel-plugin-syntax-trailing-function-commas,6.22.0,Unknown,MIT
babel-plugin-transform-async-generator-functions,6.24.1,Unknown,MIT
babel-plugin-transform-async-to-generator,6.24.1,Unknown,MIT
babel-plugin-transform-class-properties,6.24.1,Unknown,MIT
babel-plugin-transform-decorators,6.24.1,Unknown,MIT
babel-plugin-transform-es2015-arrow-functions,6.22.0,Unknown,MIT
babel-plugin-transform-es2015-block-scoped-functions,6.22.0,Unknown,MIT
babel-plugin-transform-es2015-block-scoping,6.26.0,Unknown,MIT
babel-plugin-transform-es2015-classes,6.24.1,Unknown,MIT
babel-plugin-transform-es2015-computed-properties,6.24.1,Unknown,MIT
babel-plugin-transform-es2015-destructuring,6.23.0,Unknown,MIT
babel-plugin-transform-es2015-duplicate-keys,6.24.1,Unknown,MIT
babel-plugin-transform-es2015-for-of,6.23.0,Unknown,MIT
babel-plugin-transform-es2015-function-name,6.24.1,Unknown,MIT
babel-plugin-transform-es2015-literals,6.22.0,Unknown,MIT
babel-plugin-transform-es2015-modules-amd,6.24.1,Unknown,MIT
babel-plugin-transform-es2015-modules-commonjs,6.26.2,Unknown,MIT
babel-plugin-transform-es2015-modules-systemjs,6.24.1,Unknown,MIT
babel-plugin-transform-es2015-modules-umd,6.24.1,Unknown,MIT
babel-plugin-transform-es2015-object-super,6.24.1,Unknown,MIT
babel-plugin-transform-es2015-parameters,6.24.1,Unknown,MIT
babel-plugin-transform-es2015-shorthand-properties,6.24.1,Unknown,MIT
babel-plugin-transform-es2015-spread,6.22.0,Unknown,MIT
babel-plugin-transform-es2015-sticky-regex,6.24.1,Unknown,MIT
babel-plugin-transform-es2015-template-literals,6.22.0,Unknown,MIT
babel-plugin-transform-es2015-typeof-symbol,6.23.0,Unknown,MIT
babel-plugin-transform-es2015-unicode-regex,6.24.1,Unknown,MIT
babel-plugin-transform-exponentiation-operator,6.24.1,Unknown,MIT
babel-plugin-transform-flow-strip-types,6.22.0,Unknown,MIT
babel-plugin-transform-object-rest-spread,6.26.0,Unknown,MIT
babel-plugin-transform-react-display-name,6.25.0,Unknown,MIT
babel-plugin-transform-react-jsx,6.24.1,Unknown,MIT
babel-plugin-transform-react-jsx-self,6.22.0,Unknown,MIT
babel-plugin-transform-react-jsx-source,6.22.0,Unknown,MIT
babel-plugin-transform-regenerator,6.26.0,https://github.com/babel/babel/tree/master/packages/babel-plugin-transform-regenerator,MIT
babel-plugin-transform-runtime,6.23.0,Unknown,MIT
babel-plugin-transform-strict-mode,6.24.1,Unknown,MIT
babel-polyfill,6.23.0,https://babeljs.io/,MIT
babel-preset-env,1.7.0,https://babeljs.io/,MIT
babel-preset-es2015,6.24.1,https://babeljs.io/,MIT
babel-preset-flow,6.23.0,Unknown,MIT
babel-preset-react,6.24.1,https://babeljs.io/,MIT
babel-preset-stage-2,6.24.1,https://babeljs.io/,MIT
babel-preset-stage-3,6.24.1,https://babeljs.io/,MIT
babel-regenerator-runtime,6.5.0,https://github.com/babel/babel/tree/master/packages/babel-regenerator-runtime,Simplified BSD
babel-register,6.26.0,Unknown,MIT
babel-runtime,6.26.0,Unknown,MIT
babel-template,6.26.0,https://babeljs.io/,MIT
babel-traverse,6.26.0,https://babeljs.io/,MIT
babel-types,6.26.0,https://babeljs.io/,MIT
babelify,7.3.0,https://github.com/babel/babelify,MIT
babylon,6.18.0,https://babeljs.io/,MIT
babylon,7.0.0-beta.44,https://babeljs.io/,MIT
backo2,1.0.2,Unknown,MIT
backports,3.11.4,http://github.com/marcandre/backports,MIT
balanced-match,0.1.0,https://github.com/juliangruber/balanced-match,MIT
balanced-match,0.4.2,https://github.com/juliangruber/balanced-match,MIT
balanced-match,1.0.0,https://github.com/juliangruber/balanced-match,MIT
base,0.11.2,https://github.com/node-base/base,MIT
base64-arraybuffer,0.1.5,https://github.com/niklasvh/base64-arraybuffer,MIT
base64-js,1.3.0,https://github.com/beatgammit/base64-js,MIT
base64id,1.0.0,Unknown,MIT
batch,0.6.1,Unknown,MIT
bcrypt-pbkdf,1.0.2,Unknown,New BSD
beeper,1.1.1,sindresorhus.com,MIT
better-assert,1.0.2,Unknown,MIT
big.js,3.2.0,Unknown,MIT
binary-extensions,1.12.0,sindresorhus.com,MIT
bindex,0.5.0,https://github.com/gsamokovarov/bindex,MIT
binding_of_caller,0.8.0,http://github.com/banister/binding_of_caller,MIT
bl,1.2.2,https://github.com/rvagg/bl,MIT
blob,0.0.4,https://github.com/rase-/blob,MIT*
block-stream,0.0.9,http://blog.izs.me/,ISC
bluebird,3.5.2,https://github.com/petkaantonov/bluebird,MIT
bn.js,4.11.8,https://github.com/indutny/bn.js,MIT
body-parser,1.18.3,Unknown,MIT
bonjour,3.5.0,https://github.com/watson/bonjour,MIT
boolbase,1.0.0,https://github.com/fb55/boolbase,ISC
bootstrap,3.3.7,http://getbootstrap.com/,MIT
bootstrap-accessibility-plugin,1.0.6,https://github.com/paypal/bootstrap-accessibility-plugin,New BSD
brace-expansion,1.1.11,https://github.com/juliangruber/brace-expansion,MIT
braces,0.1.5,https://github.com/jonschlinkert/braces,MIT
braces,1.8.5,https://github.com/jonschlinkert/braces,MIT
braces,2.3.2,https://github.com/micromatch/braces,MIT
brorand,1.1.0,https://github.com/indutny/brorand,MIT
browser-pack,6.1.0,https://github.com/browserify/browser-pack,MIT
browser-resolve,1.11.3,Unknown,MIT
browserify,14.5.0,http://substack.net,MIT
browserify-aes,1.2.0,https://github.com/crypto-browserify/browserify-aes,MIT
browserify-cipher,1.0.1,Unknown,MIT
browserify-des,1.0.2,https://github.com/crypto-browserify/browserify-des#readme,MIT
browserify-rsa,4.0.1,Unknown,MIT
browserify-sign,4.0.4,Unknown,ISC
browserify-zlib,0.2.0,https://github.com/devongovett/browserify-zlib,MIT
browserslist,1.7.7,Unknown,MIT
browserslist,2.11.3,Unknown,MIT
browserslist,3.2.8,Unknown,MIT
buffer,4.9.1,https://github.com/feross/buffer,MIT
buffer,5.2.1,https://github.com/feross/buffer,MIT
buffer-alloc,1.2.0,Unknown,MIT
buffer-alloc-unsafe,1.1.0,Unknown,MIT
buffer-fill,1.0.0,Unknown,MIT
buffer-from,1.1.1,Unknown,MIT
buffer-indexof,1.1.1,Unknown,MIT
buffer-xor,1.0.3,https://github.com/crypto-browserify/buffer-xor,MIT
builder,3.2.3,http://onestepback.org,MIT
builtin-modules,1.1.1,sindresorhus.com,MIT
builtin-status-codes,3.0.0,bendrucker.me,MIT
bundler,1.16.1,http://bundler.io,MIT
byebug,10.0.2,http://github.com/deivid-rodriguez/byebug,Simplified BSD
bytes,3.0.0,http://tjholowaychuk.com,MIT
cabin,0.9.0,https://github.com/jordansissel/ruby-cabin,Apache License (2.0)
cacache,10.0.4,Unknown,ISC
cache-base,1.0.1,https://github.com/jonschlinkert/cache-base,MIT
cached-path-relative,1.0.1,Unknown,MIT
caller-path,0.1.0,http://sindresorhus.com,MIT
callsite,1.0.0,Unknown,MIT*
callsites,0.2.0,http://sindresorhus.com,MIT
camelcase,1.2.1,http://sindresorhus.com,MIT
camelcase,2.1.1,http://sindresorhus.com,MIT
camelcase,3.0.0,http://sindresorhus.com,MIT
camelcase,4.1.0,sindresorhus.com,MIT
camelcase-css,1.0.1,https://github.com/stevenvachon/camelcase-css,MIT
camelcase-keys,2.1.0,http://sindresorhus.com,MIT
caniuse-api,1.6.1,Unknown,MIT
caniuse-db,1.0.30000903,Unknown,CC-BY-4.0
caniuse-lite,1.0.30000903,http://beneb.info,CC-BY-4.0
capybara,3.6.0,https://github.com/teamcapybara/capybara,MIT
capybara-accessible,0.2.1,https://github.com/Casecommons/capybara-accessible,MIT
capybara-screenshot,1.0.22,http://github.com/mattheworiordan/capybara-screenshot,MIT
case-sensitive-paths-webpack-plugin,2.1.2,https://github.com/Urthen/case-sensitive-paths-webpack-plugin#readme,MIT
caseless,0.12.0,Unknown,Apache 2.0
center-align,0.1.3,https://github.com/jonschlinkert/center-align,MIT
chalk,1.1.3,Unknown,MIT
chalk,2.4.1,Unknown,MIT
chardet,0.7.0,https://github.com/runk/node-chardet,MIT
cheerio,1.0.0-rc.2,mat.io,MIT
childprocess,0.9.0,http://github.com/enkessler/childprocess,MIT
chokidar,1.7.0,https://github.com/paulmillr/chokidar,MIT
chokidar,2.0.4,https://github.com/paulmillr/chokidar,MIT
chownr,1.1.1,http://blog.izs.me/,ISC
chromedriver-helper,1.2.0,https://github.com/flavorjones/chromedriver-helper,MIT
cipher-base,1.0.4,https://github.com/crypto-browserify/cipher-base#readme,MIT
circleci-parallel,0.5.0,https://github.com/increments/circleci-parallel,MIT
circular-json,0.3.3,https://github.com/WebReflection/circular-json,MIT
clamp,1.0.1,http://github.com/mdub/clamp,MIT
clap,1.2.3,https://github.com/lahmatiy/clap,MIT
class-utils,0.3.6,https://github.com/jonschlinkert/class-utils,MIT
classnames,2.2.6,Unknown,MIT
cli-cursor,2.1.0,sindresorhus.com,MIT
cli-width,2.2.0,https://github.com/knownasilya/cli-width,ISC
clipboard,1.7.1,Unknown,MIT
cliui,2.1.0,Unknown,ISC
cliui,3.2.0,Unknown,ISC
clone,0.2.0,http://paul.vorba.ch/,MIT
clone,1.0.4,http://paul.vorba.ch/,MIT
clone-deep,2.0.2,https://github.com/jonschlinkert/clone-deep,MIT
clone-stats,0.0.1,https://github.com/hughsk/clone-stats,MIT
co,4.6.0,Unknown,MIT
coa,1.0.4,http://github.com/veged/coa,MIT
code-point-at,1.1.0,sindresorhus.com,MIT
coderay,1.1.2,http://coderay.rubychan.de,MIT
coercible,1.0.0,https://github.com/solnic/coercible,MIT
coffee-loader,0.7.3,Unknown,MIT
coffee-script,1.12.7,http://coffeescript.org/,MIT
collection-visit,1.0.0,https://github.com/jonschlinkert/collection-visit,MIT
color,0.11.4,Unknown,MIT
color-convert,1.9.3,Unknown,MIT
color-name,1.1.3,https://github.com/dfcreative/color-name,MIT
color-name,1.1.4,https://github.com/colorjs/color-name,MIT
color-string,0.3.0,Unknown,MIT
color-support,1.1.3,http://blog.izs.me/,ISC
colormin,1.1.2,https://github.com/ben-eb/colormin,MIT
colors,0.5.1,Unknown,UNKNOWN
colors,0.6.2,https://github.com/Marak/colors.js,UNKNOWN
colors,1.1.2,https://github.com/Marak/colors.js,MIT
colors,1.3.2,https://github.com/Marak/colors.js,MIT
combine-lists,1.0.1,https://github.com/sjelin/combine-lists#readme,MIT
combine-source-map,0.8.0,https://github.com/thlorenz/combine-source-map,MIT
combined-stream,1.0.7,https://github.com/felixge/node-combined-stream,MIT
commander,1.2.0,Unknown,MIT
commander,2.17.1,Unknown,MIT
commander,2.19.0,Unknown,MIT
commondir,1.0.1,http://substack.net,MIT
component-bind,1.0.0,Unknown,MIT*
component-emitter,1.1.2,Unknown,MIT*
component-emitter,1.2.1,Unknown,MIT
component-inherit,0.0.3,Unknown,MIT*
compressible,2.0.15,Unknown,MIT
compression,1.7.3,Unknown,MIT
compression-webpack-plugin,1.1.12,https://webpack.js.org/plugins/compression-webpack-plugin/,MIT
concat-map,0.0.1,http://substack.net,MIT
concat-stream,1.5.2,Unknown,MIT
concat-stream,1.6.2,Unknown,MIT
concurrent-ruby,1.1.3,http://www.concurrent-ruby.com,MIT
connect,3.6.6,http://tjholowaychuk.com,MIT
connect-history-api-fallback,1.5.0,http://bripkens.de,MIT
console-browserify,1.1.0,https://github.com/Raynos/console-browserify,MIT
console-control-strings,1.1.0,http://re-becca.org/,ISC
constants-browserify,1.0.0,https://github.com/juliangruber/constants-browserify,MIT
contains-path,0.1.0,https://github.com/jonschlinkert/contains-path,MIT
content-disposition,0.5.2,Unknown,MIT
content-type,1.0.4,Unknown,MIT
convert-source-map,0.3.5,https://github.com/thlorenz/convert-source-map,MIT
convert-source-map,1.1.3,https://github.com/thlorenz/convert-source-map,MIT
convert-source-map,1.6.0,https://github.com/thlorenz/convert-source-map,MIT
cookie,0.3.1,Unknown,MIT
cookie-signature,1.0.6,Unknown,MIT
copy-concurrently,1.0.5,https://www.npmjs.com/package/copy-concurrently,ISC
copy-descriptor,0.1.1,https://github.com/jonschlinkert/copy-descriptor,MIT
copyfiles,1.2.0,Unknown,ISC
core-js,1.2.7,Unknown,MIT
core-js,2.5.7,Unknown,MIT
core-util-is,1.0.2,http://blog.izs.me/,MIT
cors,2.8.4,https://github.com/troygoode/,MIT
cosmiconfig,4.0.0,https://github.com/davidtheclark/cosmiconfig#readme,MIT
crack,0.4.3,http://github.com/jnunemaker/crack,MIT
crass,1.0.4,https://github.com/rgrove/crass/,MIT
create-ecdh,4.0.3,https://github.com/crypto-browserify/createECDH,MIT
create-hash,1.2.0,https://github.com/crypto-browserify/createHash,MIT
create-hmac,1.1.7,https://github.com/crypto-browserify/createHmac,MIT
create-react-class,15.6.3,https://facebook.github.io/react/,MIT
cross-spawn,3.0.1,http://indigounited.com,MIT
cross-spawn,5.1.0,http://indigounited.com,MIT
cross-spawn,6.0.5,https://github.com/moxystudio/node-cross-spawn,MIT
crypto-browserify,3.12.0,https://github.com/crypto-browserify/crypto-browserify,MIT
css,2.2.4,Unknown,MIT
css-color-function,1.3.3,Unknown,MIT
css-color-names,0.0.4,http://www.daveeddy.com,MIT
css-loader,0.28.11,https://github.com/webpack-contrib/css-loader,MIT
css-select,1.2.0,Unknown,Simplified BSD
css-selector-tokenizer,0.7.1,https://github.com/css-modules/css-selector-tokenizer,MIT
css-what,2.1.2,http://feedic.com,Simplified BSD
cssesc,0.1.0,http://mths.be/cssesc,MIT
cssnano,3.10.0,https://github.com/ben-eb/cssnano,MIT
csso,2.3.2,https://github.com/css/csso,MIT
currently-unhandled,0.4.1,github.com/jamestalmage,MIT
custom-event,1.0.1,https://github.com/webmodules/custom-event,MIT
cwds_store,0.1.5,https://github.com/ca-cwds,AGPL-3.0
cyclist,0.2.2,Unknown,MIT*
d,1.0.0,http://www.medikoo.com/,MIT
damerau-levenshtein,1.0.4,Unknown,Simplified BSD
dashdash,1.14.1,http://trentm.com,MIT
date-arithmetic,3.1.0,https://github.com/jquense/date-math,MIT
date-now,0.1.4,https://github.com/Colingo/date-now,MIT
dateformat,1.0.12,https://github.com/felixge/node-dateformat,MIT
debug,0.7.4,Unknown,MIT
debug,2.2.0,Unknown,MIT
debug,2.3.3,Unknown,MIT
debug,2.6.9,Unknown,MIT
debug,3.1.0,Unknown,MIT
debug,3.2.6,Unknown,MIT
debug,4.1.0,Unknown,MIT
debug_inspector,0.0.3,https://github.com/banister/debug_inspector,MIT
decamelize,1.2.0,sindresorhus.com,MIT
decode-uri-component,0.2.0,github.com/SamVerschueren,MIT
deconstruct-number-format,0.0.1,Unknown,MIT
deep-equal,1.0.1,http://substack.net,MIT
deep-extend,0.6.0,https://github.com/unclechu/node-deep-extend,MIT
deep-is,0.1.3,http://thlorenz.com,MIT
default-require-extensions,1.0.0,github.com/jamestalmage,MIT
define-properties,1.1.3,Unknown,MIT
define-property,0.2.5,https://github.com/jonschlinkert/define-property,MIT
define-property,1.0.0,https://github.com/jonschlinkert/define-property,MIT
define-property,2.0.2,https://github.com/jonschlinkert/define-property,MIT
defined,1.0.0,https://github.com/substack/defined,MIT
del,2.2.2,sindresorhus.com,MIT
del,3.0.0,sindresorhus.com,MIT
delayed-stream,1.0.0,https://github.com/felixge/node-delayed-stream,MIT
delegate,3.2.0,Unknown,MIT
delegates,1.0.0,Unknown,MIT
depd,1.1.2,Unknown,MIT
deps-sort,2.0.0,https://github.com/substack/deps-sort,MIT
des.js,1.0.0,https://github.com/indutny/des.js#readme,MIT
descendants_tracker,0.0.4,https://github.com/dkubb/descendants_tracker,MIT
destroy,1.0.4,http://jongleberry.com,MIT
detect-indent,4.0.0,sindresorhus.com,MIT
detect-libc,1.0.3,Unknown,Apache 2.0
detect-node,2.0.4,https://github.com/iliakan/detect-node,ISC
detective,4.7.1,http://substack.net,MIT
di,0.0.1,Unknown,MIT
diff-lcs,1.3,https://github.com/halostatue/diff-lcs,"MIT,Artistic-2.0,GPL-2.0+"
diffie-hellman,5.0.3,https://github.com/crypto-browserify/diffie-hellman,MIT
discontinuous-range,1.0.0,https://github.com/dtudury/discontinuous-range,MIT
dns-equal,1.0.0,https://github.com/watson/dns-equal#readme,MIT
dns-packet,1.3.1,https://github.com/mafintosh/dns-packet,MIT
dns-txt,2.0.2,https://github.com/watson/dns-txt,MIT
docile,1.3.1,https://ms-ati.github.io/docile/,MIT
doctrine,1.5.0,https://github.com/eslint/doctrine,Simplified BSD
doctrine,2.1.0,https://github.com/eslint/doctrine,Apache 2.0
dom-helpers,2.4.0,Unknown,MIT
dom-helpers,3.4.0,Unknown,MIT
dom-scroll-into-view,1.0.1,http://github.com/yiminghe/dom-scroll-into-view,MIT*
dom-serialize,2.2.1,https://github.com/webmodules/dom-serialize,MIT
dom-serializer,0.1.0,Unknown,MIT
domain-browser,1.1.7,https://github.com/bevry/domain-browser,MIT
domain-browser,1.2.0,https://github.com/bevry/domain-browser,MIT
domelementtype,1.1.3,Unknown,Simplified BSD
domelementtype,1.2.1,Unknown,Simplified BSD
domelementtype,1.3.0,Unknown,Simplified BSD
domhandler,2.4.2,Unknown,Simplified BSD
domutils,1.5.1,Unknown,Simplified BSD
domutils,1.7.0,Unknown,Simplified BSD
dotenv,2.5.0,https://github.com/bkeepers/dotenv,MIT
duplexer2,0.0.2,http://www.fknsrs.biz/,New BSD
duplexer2,0.1.4,http://www.fknsrs.biz/,New BSD
duplexify,3.6.1,https://github.com/mafintosh/duplexify,MIT
ecc-jsbn,0.1.2,https://github.com/quartzjer/ecc-jsbn,MIT
ee-first,1.1.1,http://jongleberry.com,MIT
electron-to-chromium,1.3.83,Unknown,ISC
elliptic,6.4.1,https://github.com/indutny/elliptic,MIT
emoji-regex,6.5.1,https://mths.be/emoji-regex,MIT
emojis-list,2.1.0,https://github.com/Kikobeats/emojis-list,MIT
encodeurl,1.0.2,Unknown,MIT
encoding,0.1.12,Unknown,MIT
end-of-stream,1.4.1,https://github.com/mafintosh/end-of-stream,MIT
engine.io,1.8.3,https://github.com/socketio/engine.io,MIT
engine.io-client,1.8.3,https://github.com/socketio/engine.io-client,MIT
engine.io-parser,1.3.2,https://github.com/socketio/engine.io-parser,MIT
enhanced-resolve,3.4.1,http://github.com/webpack/enhanced-resolve,MIT
ent,2.2.0,http://substack.net,MIT
entities,1.1.2,Unknown,Simplified BSD
enzyme,3.0.0,http://airbnb.io/enzyme/,MIT
enzyme-adapter-react-16,1.6.0,http://airbnb.io/enzyme/,MIT
enzyme-adapter-utils,1.8.1,http://airbnb.io/enzyme/,MIT
equalizer,0.0.11,https://github.com/dkubb/equalizer,MIT
errno,0.1.7,Unknown,MIT
error-ex,1.3.2,Unknown,MIT
erubi,1.7.1,https://github.com/jeremyevans/erubi,MIT
erubis,2.7.0,http://www.kuwata-lab.com/erubis/,MIT
es-abstract,1.12.0,http://ljharb.codes,MIT
es-to-primitive,1.2.0,Unknown,MIT
es5-ext,0.10.46,http://www.medikoo.com/,ISC
es6-iterator,2.0.3,http://www.medikoo.com/,MIT
es6-map,0.1.5,http://www.medikoo.com/,MIT
es6-set,0.1.5,http://www.medikoo.com/,MIT
es6-symbol,3.1.1,http://www.medikoo.com/,MIT
es6-weak-map,2.0.2,http://www.medikoo.com/,MIT
escape-html,1.0.3,Unknown,MIT
escape-string-regexp,1.0.5,sindresorhus.com,MIT
escodegen,1.8.1,http://github.com/estools/escodegen,Simplified BSD
escope,3.6.0,http://github.com/estools/escope,Simplified BSD
eslint,5.8.0,https://eslint.org/,MIT
eslint-config-standard,12.0.0,https://github.com/standard/eslint-config-standard,MIT
eslint-import-resolver-node,0.3.2,https://github.com/benmosher/eslint-plugin-import,MIT
eslint-loader,2.1.1,Unknown,MIT
eslint-module-utils,2.2.0,https://github.com/benmosher/eslint-plugin-import#readme,MIT
eslint-plugin-babel,5.2.1,https://github.com/babel/eslint-plugin-babel#readme,MIT
eslint-plugin-import,2.14.0,https://github.com/benmosher/eslint-plugin-import,MIT
eslint-plugin-jasmine,2.10.1,https://github.com/tlvince/eslint-plugin-jasmine,MIT
eslint-plugin-jsx-a11y,6.1.2,Unknown,MIT
eslint-plugin-node,6.0.1,https://github.com/mysticatea/eslint-plugin-node#readme,MIT
eslint-plugin-promise,3.8.0,Unknown,ISC
eslint-plugin-react,7.11.1,https://github.com/yannickcr/eslint-plugin-react,MIT
eslint-plugin-standard,3.1.0,https://github.com/xjamundx/eslint-plugin-standard#readme,MIT
eslint-rule-composer,0.3.0,https://github.com/not-an-aardvark/eslint-rule-composer#readme,MIT
eslint-scope,3.7.1,http://github.com/eslint/eslint-scope,Simplified BSD
eslint-scope,4.0.0,http://github.com/eslint/eslint-scope,Simplified BSD
eslint-utils,1.3.1,https://github.com/mysticatea/eslint-utils#readme,MIT
eslint-visitor-keys,1.0.0,https://github.com/eslint/eslint-visitor-keys#readme,Apache 2.0
espree,4.1.0,https://github.com/eslint/espree,Simplified BSD
esprima,2.7.3,http://esprima.org/,Simplified BSD
esprima,4.0.1,http://esprima.org/,Simplified BSD
esquery,1.0.1,Unknown,New BSD
esrecurse,4.2.1,https://github.com/estools/esrecurse,Simplified BSD
estraverse,1.9.3,https://github.com/estools/estraverse,Simplified BSD
estraverse,4.2.0,https://github.com/estools/estraverse,Simplified BSD
esutils,2.0.2,https://github.com/estools/esutils,Simplified BSD
etag,1.8.1,Unknown,MIT
event-emitter,0.3.5,http://www.medikoo.com/,MIT
eventemitter3,3.1.0,Unknown,MIT
events,1.1.1,http://jeditoolkit.com,MIT
eventsource,0.1.6,http://github.com/aslakhellesoy/eventsource-node,MIT
evp_bytestokey,1.0.3,https://github.com/crypto-browserify/EVP_BytesToKey,MIT
execa,0.7.0,sindresorhus.com,MIT
exenv,1.2.2,https://github.com/JedWatson/exenv,New BSD
exit,0.1.2,https://github.com/cowboy/node-exit,MIT
expand-braces,0.1.2,https://github.com/jonschlinkert/expand-braces,MIT
expand-brackets,0.1.5,https://github.com/jonschlinkert/expand-brackets,MIT
expand-brackets,2.1.4,https://github.com/jonschlinkert/expand-brackets,MIT
expand-range,0.1.1,https://github.com/jonschlinkert/expand-range,MIT
expand-range,1.8.2,https://github.com/jonschlinkert/expand-range,MIT
express,4.16.4,http://expressjs.com/,MIT
extend,3.0.2,http://www.justmoon.net,MIT
extend-shallow,2.0.1,https://github.com/jonschlinkert/extend-shallow,MIT
extend-shallow,3.0.2,https://github.com/jonschlinkert/extend-shallow,MIT
external-editor,3.0.3,https://github.com/mrkmg/node-external-editor#readme,MIT
extglob,0.3.2,https://github.com/jonschlinkert/extglob,MIT
extglob,2.0.4,https://github.com/micromatch/extglob,MIT
extract-text-webpack-plugin,3.0.2,http://github.com/webpack-contrib/extract-text-webpack-plugin,MIT
extsprintf,1.3.0,Unknown,MIT
extsprintf,1.4.0,Unknown,MIT
factory_bot,4.11.1,https://github.com/thoughtbot/factory_bot,MIT
factory_bot_rails,4.11.1,https://github.com/thoughtbot/factory_bot_rails,MIT
faker,1.9.1,https://github.com/stympy/faker,MIT
fancy-log,1.3.2,Unknown,MIT
faraday,0.15.3,https://github.com/lostisland/faraday,MIT
faraday_middleware,0.12.2,https://github.com/lostisland/faraday_middleware,MIT
fast-deep-equal,1.1.0,https://github.com/epoberezkin/fast-deep-equal#readme,MIT
fast-deep-equal,2.0.1,https://github.com/epoberezkin/fast-deep-equal#readme,MIT
fast-json-stable-stringify,2.0.0,https://github.com/epoberezkin/fast-json-stable-stringify,MIT
fast-levenshtein,2.0.6,http://www.hiddentao.com/,MIT
fastparse,1.1.2,https://github.com/webpack/fastparse,MIT
faye-websocket,0.10.0,http://github.com/faye/faye-websocket-node,MIT
faye-websocket,0.11.1,https://github.com/faye/faye-websocket-node,MIT
fbjs,0.8.17,Unknown,MIT
feature,1.4.0,http://github.com/mgsnova/feature,MIT
ffaker,2.10.0,https://github.com/ffaker/ffaker,MIT
ffi,1.9.25,http://wiki.github.com/ffi/ffi,New BSD
figures,2.0.0,sindresorhus.com,MIT
file-entry-cache,2.0.0,http://royriojas.com,MIT
file-loader,0.11.2,https://github.com/webpack/file-loader,MIT
filename-regex,2.0.1,https://github.com/regexhq/filename-regex,MIT
fileset,2.0.3,https://github.com/mklabs/node-fileset,MIT
fill-range,2.2.4,https://github.com/jonschlinkert/fill-range,MIT
fill-range,4.0.0,https://github.com/jonschlinkert/fill-range,MIT
finalhandler,1.1.0,Unknown,MIT
finalhandler,1.1.1,Unknown,MIT
find-cache-dir,0.1.1,github.com/jamestalmage,MIT
find-cache-dir,1.0.0,github.com/jamestalmage,MIT
find-up,1.1.2,sindresorhus.com,MIT
find-up,2.1.0,sindresorhus.com,MIT
flat-cache,1.3.0,http://royriojas.com,MIT
flatten,1.0.2,http://jesusabdullah.net,MIT
flush-write-stream,1.0.3,https://github.com/mafintosh/flush-write-stream,MIT
flux-standard-action,1.2.0,Unknown,MIT
follow-redirects,1.5.9,https://github.com/olalonde/follow-redirects,MIT
font-awesome,4.7.0,http://fontawesome.io/,(OFL-1.1 AND MIT)
for-in,0.1.8,https://github.com/jonschlinkert/for-in,MIT
for-in,1.0.2,https://github.com/jonschlinkert/for-in,MIT
for-own,0.1.5,https://github.com/jonschlinkert/for-own,MIT
for-own,1.0.0,https://github.com/jonschlinkert/for-own,MIT
forever-agent,0.6.1,http://www.futurealoof.com,Apache 2.0
form-data,2.3.3,http://debuggable.com/,MIT
format-number,2.0.2,Unknown,New BSD
format-number-with-string,0.0.2,Unknown,MIT
forwarded,0.1.2,Unknown,MIT
fpm,1.8.1,https://github.com/jordansissel/fpm,MIT-like
fragment-cache,0.2.1,https://github.com/jonschlinkert/fragment-cache,MIT
fresh,0.5.2,http://tjholowaychuk.com,MIT
from2,2.3.0,https://github.com/hughsk/from2,MIT
fs-access,1.0.1,sindresorhus.com,MIT
fs-extra,0.30.0,https://github.com/jprichardson/node-fs-extra,MIT
fs-minipass,1.2.5,https://github.com/npm/fs-minipass#readme,ISC
fs-write-stream-atomic,1.0.10,https://github.com/npm/fs-write-stream-atomic,ISC
fs.realpath,1.0.0,http://blog.izs.me/,ISC
fsevents,1.2.4,https://github.com/strongloop/fsevents,MIT
fstream,1.0.11,http://blog.izs.me/,ISC
function-bind,1.1.1,https://github.com/Raynos/function-bind,MIT
function.prototype.name,1.1.0,Unknown,MIT
functional-red-black-tree,1.0.1,Unknown,MIT
fuse.js,3.3.0,http://fusejs.io/,Apache 2.0
gauge,2.7.4,https://github.com/iarna/gauge,ISC
gaze,1.1.3,https://github.com/shama/gaze,MIT
get-assigned-identifiers,1.2.0,https://github.com/goto-bus-stop/get-assigned-identifiers,Apache 2.0
get-caller-file,1.0.3,https://github.com/stefanpenner/get-caller-file#readme,ISC
get-stdin,4.0.1,http://sindresorhus.com,MIT
get-stream,3.0.0,sindresorhus.com,MIT
get-value,2.0.6,https://github.com/jonschlinkert/get-value,MIT
getpass,0.1.7,Unknown,MIT
git-hooks,1.1.10,Unknown,MIT
glob,5.0.15,http://blog.izs.me/,ISC
glob,7.1.3,http://blog.izs.me/,ISC
glob-base,0.3.0,https://github.com/jonschlinkert/glob-base,MIT
glob-parent,2.0.0,https://github.com/es128/glob-parent,ISC
glob-parent,3.1.0,https://github.com/es128/glob-parent,ISC
globalid,0.4.1,http://www.rubyonrails.org,MIT
globals,11.8.0,sindresorhus.com,MIT
globals,9.18.0,http://sindresorhus.com,MIT
globby,5.0.0,sindresorhus.com,MIT
globby,6.1.0,sindresorhus.com,MIT
globule,1.2.1,https://github.com/cowboy/node-globule,MIT
glogg,1.0.1,http://iceddev.com/,MIT
gonzales-pe,4.2.3,http://github.com/tonyganch/gonzales-pe,MIT
good-listener,1.2.2,Unknown,MIT
graceful-fs,4.1.11,Unknown,ISC
gulp-util,3.0.7,http://wearefractal.com/,MIT
gulplog,1.0.0,http://iceddev.com,MIT
haml,5.0.4,http://haml.info/,MIT
haml-rails,1.0.0,http://github.com/indirect/haml-rails,MIT
haml_lint,0.27.0,https://github.com/brigade/haml-lint,MIT
handle-thing,1.2.5,https://github.com/indutny/handle-thing#readme,MIT
handlebars,4.0.12,http://www.handlebarsjs.com/,MIT
har-schema,2.0.0,https://github.com/ahmadnassri/har-schema,ISC
har-validator,5.1.0,https://github.com/ahmadnassri/har-validator,ISC
has,1.0.3,https://github.com/tarruda/has,MIT
has-ansi,2.0.0,sindresorhus.com,MIT
has-binary,0.1.7,Unknown,MIT
has-cors,1.1.0,http://n8.io/,MIT
has-flag,1.0.0,sindresorhus.com,MIT
has-flag,2.0.0,sindresorhus.com,MIT
has-flag,3.0.0,sindresorhus.com,MIT
has-gulplog,0.1.0,http://iceddev.com,MIT
has-symbols,1.0.0,http://ljharb.codes,MIT
has-unicode,2.0.1,https://github.com/iarna/has-unicode,ISC
has-value,0.3.1,https://github.com/jonschlinkert/has-value,MIT
has-value,1.0.0,https://github.com/jonschlinkert/has-value,MIT
has-values,0.1.4,https://github.com/jonschlinkert/has-values,MIT
has-values,1.0.0,https://github.com/jonschlinkert/has-values,MIT
hash-base,3.0.4,https://github.com/crypto-browserify/hash-base,MIT
hash.js,1.1.5,https://github.com/indutny/hash.js,MIT
hashdiff,0.3.7,https://github.com/liufengyun/hashdiff,MIT
high_voltage,3.1.0,http://github.com/thoughtbot/high_voltage,MIT
highline,2.0.0,https://github.com/JEG2/highline,ruby
history,3.2.1,Unknown,MIT
history,3.3.0,Unknown,MIT
hmac-drbg,1.0.1,https://github.com/indutny/hmac-drbg#readme,MIT
hoist-non-react-statics,1.2.0,Unknown,BSD*
home-or-tmp,2.0.0,sindresorhus.com,MIT
hosted-git-info,2.7.1,https://github.com/npm/hosted-git-info,ISC
hpack.js,2.1.6,https://github.com/indutny/hpack.js#readme,MIT
html-comment-regex,1.1.2,https://github.com/stevemao/html-comment-regex,MIT
html-entities,1.2.1,Unknown,MIT
html2haml,2.2.0,http://haml.info,MIT
htmlescape,1.1.1,https://github.com/zertosh/htmlescape,MIT
htmlparser2,3.10.0,Unknown,MIT
http-deceiver,1.2.7,https://github.com/indutny/http-deceiver#readme,MIT
http-errors,1.6.3,http://jongleberry.com,MIT
http-parser-js,0.5.0,https://github.com/creationix,MIT
http-proxy,1.17.0,Unknown,MIT
http-proxy-middleware,0.17.4,https://github.com/chimurai/http-proxy-middleware,MIT
http-signature,1.2.0,https://github.com/joyent/node-http-signature/,MIT
https-browserify,1.0.0,https://github.com/substack/https-browserify,MIT
i18n,1.1.1,http://github.com/svenfuchs/i18n,MIT
i18n-tasks,0.9.28,https://github.com/glebm/i18n-tasks,MIT
ice_nine,0.11.2,https://github.com/dkubb/ice_nine,MIT
iconv-lite,0.4.23,https://github.com/ashtuchkin/iconv-lite,MIT
iconv-lite,0.4.24,https://github.com/ashtuchkin/iconv-lite,MIT
icss-replace-symbols,1.1.0,https://github.com/css-modules/icss-replace-symbols#readme,ISC
icss-utils,2.1.0,https://github.com/css-modules/icss-utils#readme,ISC
iectrl,0.1.2,http://xdissent.github.io/iectrl,MIT
ieee754,1.1.12,http://feross.org,New BSD
iferr,0.1.5,https://github.com/shesek/iferr,MIT
ignore,3.3.10,Unknown,MIT
ignore,4.0.6,Unknown,MIT
ignore-walk,3.0.1,http://blog.izs.me/,ISC
immutable,3.8.2,https://facebook.github.com/immutable-js,MIT
import-cwd,2.1.0,sindresorhus.com,MIT
import-from,2.1.0,sindresorhus.com,MIT
import-local,1.0.0,sindresorhus.com,MIT
imurmurhash,0.1.4,https://github.com/jensyt/imurmurhash-js,MIT
in-publish,2.0.0,https://github.com/iarna/in-publish,ISC
indent-string,2.1.0,sindresorhus.com,MIT
indexes-of,1.0.1,https://github.com/dominictarr/indexes-of,MIT
indexof,0.0.1,Unknown,MIT*
inflight,1.0.6,https://github.com/isaacs/inflight,ISC
inherits,2.0.1,Unknown,ISC
inherits,2.0.3,Unknown,ISC
ini,1.3.5,http://blog.izs.me/,ISC
inline-source-map,0.6.2,https://github.com/thlorenz/inline-source-map,MIT
inputmask-core,2.2.0,https://github.com/insin/inputmask-core,MIT
inquirer,6.2.0,Unknown,MIT
insert-module-globals,7.2.0,https://github.com/browserify/insert-module-globals,MIT
insist,1.0.0,"",Apache 2.0
internal-ip,1.2.0,sindresorhus.com,MIT
interpret,1.1.0,https://github.com/tkellen/node-interpret,MIT
invariant,2.2.4,Unknown,MIT
invert-kv,1.0.0,http://sindresorhus.com,MIT
io-like,0.3.0,http://io-like.rubyforge.org,MIT
ip,1.1.5,https://github.com/indutny/node-ip,MIT
ipaddr.js,1.8.0,Unknown,MIT
is-absolute-url,2.1.0,http://sindresorhus.com,MIT
is-accessor-descriptor,0.1.6,https://github.com/jonschlinkert/is-accessor-descriptor,MIT
is-accessor-descriptor,1.0.0,https://github.com/jonschlinkert/is-accessor-descriptor,MIT
is-arrayish,0.2.1,http://github.com/qix-,MIT
is-binary-path,1.0.1,sindresorhus.com,MIT
is-buffer,1.1.6,http://feross.org/,MIT
is-builtin-module,1.0.0,sindresorhus.com,MIT
is-callable,1.1.4,http://ljharb.codes,MIT
is-data-descriptor,0.1.4,https://github.com/jonschlinkert/is-data-descriptor,MIT
is-data-descriptor,1.0.0,https://github.com/jonschlinkert/is-data-descriptor,MIT
is-date-object,1.0.1,Unknown,MIT
is-descriptor,0.1.6,https://github.com/jonschlinkert/is-descriptor,MIT
is-descriptor,1.0.2,https://github.com/jonschlinkert/is-descriptor,MIT
is-directory,0.3.1,https://github.com/jonschlinkert/is-directory,MIT
is-docker,1.1.0,sindresorhus.com,MIT
is-dotfile,1.0.3,https://github.com/jonschlinkert/is-dotfile,MIT
is-equal-shallow,0.1.3,https://github.com/jonschlinkert/is-equal-shallow,MIT
is-extendable,0.1.1,https://github.com/jonschlinkert/is-extendable,MIT
is-extendable,1.0.1,https://github.com/jonschlinkert/is-extendable,MIT
is-extglob,1.0.0,https://github.com/jonschlinkert/is-extglob,MIT
is-extglob,2.1.1,https://github.com/jonschlinkert/is-extglob,MIT
is-finite,1.0.2,sindresorhus.com,MIT
is-fullwidth-code-point,1.0.0,sindresorhus.com,MIT
is-fullwidth-code-point,2.0.0,sindresorhus.com,MIT
is-glob,2.0.1,https://github.com/jonschlinkert/is-glob,MIT
is-glob,3.1.0,https://github.com/jonschlinkert/is-glob,MIT
is-glob,4.0.0,https://github.com/jonschlinkert/is-glob,MIT
is-number,0.1.1,https://github.com/jonschlinkert/is-number,MIT
is-number,2.1.0,https://github.com/jonschlinkert/is-number,MIT
is-number,3.0.0,https://github.com/jonschlinkert/is-number,MIT
is-number,4.0.0,https://github.com/jonschlinkert/is-number,MIT
is-path-cwd,1.0.0,http://sindresorhus.com,MIT
is-path-in-cwd,1.0.1,http://sindresorhus.com,MIT
is-path-inside,1.0.1,sindresorhus.com,MIT
is-plain-obj,1.1.0,sindresorhus.com,MIT
is-plain-object,2.0.4,https://github.com/jonschlinkert/is-plain-object,MIT
is-posix-bracket,0.1.1,https://github.com/jonschlinkert/is-posix-bracket,MIT
is-primitive,2.0.0,https://github.com/jonschlinkert/is-primitive,MIT
is-promise,2.1.0,Unknown,MIT
is-regex,1.0.4,https://github.com/ljharb/is-regex,MIT
is-resolvable,1.1.0,https://github.com/shinnn,ISC
is-stream,1.1.0,sindresorhus.com,MIT
is-subset,0.1.1,Unknown,MIT
is-svg,2.1.0,sindresorhus.com,MIT
is-symbol,1.0.2,Unknown,MIT
is-typedarray,1.0.0,https://github.com/hughsk/is-typedarray,MIT
is-utf8,0.2.1,Unknown,MIT
is-windows,1.0.2,https://github.com/jonschlinkert/is-windows,MIT
is-wsl,1.1.0,sindresorhus.com,MIT
isarray,0.0.1,https://github.com/juliangruber/isarray,MIT
isarray,1.0.0,https://github.com/juliangruber/isarray,MIT
isarray,2.0.4,https://github.com/juliangruber/isarray,MIT
isbinaryfile,3.0.3,Unknown,MIT
isexe,2.0.0,https://github.com/isaacs/isexe#readme,ISC
isobject,2.1.0,https://github.com/jonschlinkert/isobject,MIT
isobject,3.0.1,https://github.com/jonschlinkert/isobject,MIT
isomorphic-fetch,2.2.1,https://github.com/matthew-andrews/isomorphic-fetch/issues,MIT
isstream,0.1.2,https://github.com/rvagg/isstream,MIT
istanbul,0.4.5,Unknown,New BSD
istanbul-api,1.3.7,https://github.com/istanbuljs/istanbuljs#readme,New BSD
istanbul-instrumenter-loader,3.0.1,https://github.com/webpack-contrib/istanbul-instrumenter-loader,MIT
istanbul-lib-coverage,1.2.1,https://github.com/istanbuljs/istanbuljs,New BSD
istanbul-lib-hook,1.2.2,https://github.com/istanbuljs/istanbuljs#readme,New BSD
istanbul-lib-instrument,1.10.2,https://github.com/istanbuljs/istanbuljs,New BSD
istanbul-lib-report,1.1.5,https://github.com/istanbuljs/istanbuljs,New BSD
istanbul-lib-source-maps,1.2.6,https://github.com/istanbuljs/istanbuljs#readme,New BSD
istanbul-reports,1.5.1,https://github.com/istanbuljs/istanbuljs,New BSD
jasmine,2.99.0,http://jasmine.github.io/,MIT
jasmine-ajax,3.4.0,Unknown,MIT
jasmine-core,2.99.1,http://jasmine.github.io/,MIT
jasmine-immutable-matchers,1.5.0,Unknown,MIT
jquery,3.2.1,https://jquery.com/,MIT
jquery,3.3.1,https://jquery.com/,MIT
jquery-ujs,1.2.2,https://github.com/rails/jquery-ujs#readme,MIT
js-base64,2.4.9,Unknown,New BSD
js-tokens,3.0.2,Unknown,MIT
js-tokens,4.0.0,Unknown,MIT
js-yaml,3.12.0,https://github.com/nodeca/js-yaml,MIT
js-yaml,3.7.0,https://github.com/nodeca/js-yaml,MIT
jsbn,0.1.1,Unknown,MIT
jsesc,0.5.0,http://mths.be/jsesc,MIT
jsesc,1.3.0,https://mths.be/jsesc,MIT
jsesc,2.5.1,https://mths.be/jsesc,MIT
json,1.8.6,http://flori.github.com/json,ruby
json-loader,0.5.7,Unknown,MIT
json-parse-better-errors,1.0.2,Unknown,MIT
json-schema,0.2.3,Unknown,BSD*
json-schema-traverse,0.3.1,https://github.com/epoberezkin/json-schema-traverse#readme,MIT
json-schema-traverse,0.4.1,https://github.com/epoberezkin/json-schema-traverse#readme,MIT
json-stable-stringify,0.0.1,https://github.com/substack/json-stable-stringify,MIT
json-stable-stringify-without-jsonify,1.0.1,https://github.com/samn/json-stable-stringify,MIT
json-stringify-safe,5.0.1,https://github.com/isaacs/json-stringify-safe,ISC
json3,3.3.2,http://bestiejs.github.io/json3,MIT
json5,0.5.1,http://json5.org/,MIT
jsonfile,2.4.0,Unknown,MIT
jsonify,0.0.0,http://crockford.com/,Public Domain
jsonparse,1.3.1,Unknown,MIT
jsprim,1.4.1,Unknown,MIT
jsx-ast-utils,2.0.1,Unknown,MIT
karma,1.7.1,http://karma-runner.github.io/,MIT
karma-chrome-launcher,1.0.1,Unknown,MIT
karma-coverage,1.1.2,Unknown,MIT
karma-coverage-istanbul-reporter,1.4.3,https://github.com/mattlewis92/karma-coverage-istanbul-reporter#readme,MIT
karma-firefox-launcher,1.1.0,Unknown,MIT
karma-htmlfile-reporter,0.3.7,Unknown,MIT
karma-ievms-launcher,0.1.2,Unknown,MIT
karma-jasmine,1.1.2,Unknown,MIT
karma-jasmine-ajax,0.1.13,https://github.com/IDCubed/karma-jasmine-ajax,MIT
karma-junit-reporter,1.2.0,Unknown,MIT
karma-remap-istanbul,0.6.0,https://github.com/marcules/karma-remap-istanbul#readme,MIT
karma-sourcemap-loader,0.3.7,Unknown,MIT
karma-verbose-reporter,0.0.6,Unknown,MIT
karma-webpack,2.0.13,https://github.com/webpack-contrib/karma-webpack,MIT
keycode,2.2.0,https://github.com/timoxley/keycode,MIT
keypress,0.1.0,http://tootallnate.net,MIT
killable,1.0.1,Unknown,ISC
kind-of,3.2.2,https://github.com/jonschlinkert/kind-of,MIT
kind-of,4.0.0,https://github.com/jonschlinkert/kind-of,MIT
kind-of,5.1.0,https://github.com/jonschlinkert/kind-of,MIT
kind-of,6.0.2,https://github.com/jonschlinkert/kind-of,MIT
klaw,1.3.1,https://github.com/jprichardson/node-klaw#readme,MIT
labeled-stream-splicer,2.0.1,https://github.com/substack/labeled-stream-splicer,MIT
launchy,2.4.3,http://github.com/copiousfreetime/launchy,ISC
lazy-cache,1.0.4,https://github.com/jonschlinkert/lazy-cache,MIT
lcid,1.0.0,sindresorhus.com,MIT
levn,0.3.0,https://github.com/gkz/levn,MIT
license_finder,5.5.2,https://github.com/pivotal-legacy/LicenseFinder,MIT
load-json-file,1.1.0,sindresorhus.com,MIT
load-json-file,2.0.0,sindresorhus.com,MIT
loader-fs-cache,1.0.1,Unknown,ISC
loader-runner,2.3.1,https://github.com/webpack/loader-runner#readme,MIT
loader-utils,1.1.0,Unknown,MIT
locate-path,2.0.0,sindresorhus.com,MIT
lodash,3.10.1,https://lodash.com/,MIT
lodash,4.17.11,https://lodash.com/,MIT
lodash,4.17.5,https://lodash.com/,MIT
lodash-es,4.17.11,https://lodash.com/custom-builds,MIT
lodash._baseassign,3.2.0,https://lodash.com/,MIT
lodash._basecopy,3.0.1,https://lodash.com/,MIT
lodash._basetostring,3.0.1,https://lodash.com/,MIT
lodash._basevalues,3.0.0,https://lodash.com/,MIT
lodash._bindcallback,3.0.1,https://lodash.com/,MIT
lodash._createassigner,3.1.1,https://lodash.com/,MIT
lodash._getnative,3.9.1,https://lodash.com/,MIT
lodash._isiterateecall,3.0.9,https://lodash.com/,MIT
lodash._reescape,3.0.0,https://lodash.com/,MIT
lodash._reevaluate,3.0.0,https://lodash.com/,MIT
lodash._reinterpolate,3.0.0,https://lodash.com/,MIT
lodash._root,3.0.1,https://lodash.com/,MIT
lodash.assign,3.2.0,https://lodash.com/,MIT
lodash.assign,4.2.0,https://lodash.com/,MIT
lodash.camelcase,4.3.0,https://lodash.com/,MIT
lodash.clonedeep,4.5.0,https://lodash.com/,MIT
lodash.debounce,4.0.8,https://lodash.com/,MIT
lodash.defaults,3.1.2,https://lodash.com/,MIT
lodash.defaults,4.2.0,https://lodash.com/,MIT
lodash.escape,3.2.0,https://lodash.com/,MIT
lodash.escaperegexp,4.1.2,https://lodash.com/,MIT
lodash.flattendeep,4.4.0,https://lodash.com/,MIT
lodash.isarguments,3.1.0,https://lodash.com/,MIT
lodash.isarray,3.0.4,https://lodash.com/,MIT
lodash.isplainobject,4.0.6,https://lodash.com/,MIT
lodash.isstring,4.0.1,https://lodash.com/,MIT
lodash.keys,3.1.2,https://lodash.com/,MIT
lodash.memoize,3.0.4,https://lodash.com/,MIT
lodash.memoize,4.1.2,https://lodash.com/,MIT
lodash.mergewith,4.6.1,https://lodash.com/,MIT
lodash.restparam,3.6.1,https://lodash.com/,MIT
lodash.tail,4.1.1,https://lodash.com/,MIT
lodash.template,3.6.2,https://lodash.com/,MIT
lodash.templatesettings,3.1.1,https://lodash.com/,MIT
lodash.uniq,4.5.0,https://lodash.com/,MIT
log4js,0.6.38,Unknown,Apache 2.0
loglevel,1.6.1,https://github.com/pimterry/loglevel,MIT
lograge,0.10.0,https://github.com/roidrage/lograge,MIT
logstash-event,1.2.02,https://github.com/logstash/logstash,Apache License (2.0)
logstash-logger,0.26.1,http://github.com/dwbutler/logstash-logger,MIT
longest,1.0.1,https://github.com/jonschlinkert/longest,MIT
loofah,2.2.3,https://github.com/flavorjones/loofah,MIT
loose-envify,1.4.0,https://github.com/zertosh/loose-envify,MIT
loud-rejection,1.6.0,sindresorhus.com,MIT
lru-cache,4.1.3,Unknown,ISC
ltcdr,2.2.1,Unknown,MIT
mail,2.7.1,https://github.com/mikel/mail,MIT
make-dir,1.3.0,sindresorhus.com,MIT
map-cache,0.2.2,https://github.com/jonschlinkert/map-cache,MIT
map-obj,1.0.1,sindresorhus.com,MIT
map-visit,1.0.0,https://github.com/jonschlinkert/map-visit,MIT
marcel,0.3.3,https://github.com/basecamp/marcel,MIT
math-expression-evaluator,1.2.17,https://github.com/redhivesoftware/math-expression-evaluator#readme,MIT
math-random,1.0.1,https://github.com/michaelrhodes/math-random,MIT
md5.js,1.3.5,https://github.com/crypto-browserify/md5.js,MIT
media-typer,0.3.0,Unknown,MIT
mem,1.1.0,sindresorhus.com,MIT
memory-fs,0.4.1,https://github.com/webpack/memory-fs,MIT
meow,3.7.0,sindresorhus.com,MIT
merge-descriptors,1.0.1,http://jongleberry.com,MIT
method_source,0.9.2,http://banisterfiend.wordpress.com,MIT
methods,1.1.2,Unknown,MIT
micromatch,2.3.11,https://github.com/jonschlinkert/micromatch,MIT
micromatch,3.1.10,https://github.com/micromatch/micromatch,MIT
miller-rabin,4.0.1,https://github.com/indutny/miller-rabin,MIT
mime,1.4.1,http://github.com/broofa,MIT
mime,1.6.0,http://github.com/broofa,MIT
mime-db,1.37.0,Unknown,MIT
mime-types,2.1.21,Unknown,MIT
mimemagic,0.3.2,https://github.com/minad/mimemagic,MIT
mimic-fn,1.2.0,sindresorhus.com,MIT
mini_mime,1.0.1,https://github.com/discourse/mini_mime,MIT
mini_portile2,2.3.0,http://github.com/flavorjones/mini_portile,MIT
minimalistic-assert,1.0.1,https://github.com/calvinmetcalf/minimalistic-assert,ISC
minimalistic-crypto-utils,1.0.1,https://github.com/indutny/minimalistic-crypto-utils#readme,MIT
minimatch,3.0.4,http://blog.izs.me,ISC
minimist,0.0.10,https://github.com/substack/minimist,MIT
minimist,0.0.8,https://github.com/substack/minimist,MIT
minimist,1.1.3,https://github.com/substack/minimist,MIT
minimist,1.2.0,https://github.com/substack/minimist,MIT
minipass,2.3.5,http://blog.izs.me/,ISC
minitest,5.11.3,https://github.com/seattlerb/minitest,MIT
minizlib,1.1.1,http://blog.izs.me/,MIT
mississippi,2.0.0,https://github.com/maxogden/mississippi#readme,Simplified BSD
mixin-deep,1.3.1,https://github.com/jonschlinkert/mixin-deep,MIT
mixin-object,2.0.1,https://github.com/jonschlinkert/mixin-object,MIT
mkdirp,0.5.1,http://substack.net,MIT
module-deps,4.1.1,https://github.com/substack/module-deps,MIT
moment,2.0.0,http://momentjs.com/,MIT
moment,2.21.0,http://momentjs.com/,MIT
moment,2.22.2,http://momentjs.com/,MIT
moment-timezone,0.5.23,http://momentjs.com/timezone/,MIT
moo,0.4.3,Unknown,New BSD
move-concurrently,1.0.1,https://www.npmjs.com/package/move-concurrently,ISC
ms,0.7.1,Unknown,MIT
ms,0.7.2,Unknown,MIT
ms,2.0.0,Unknown,MIT
ms,2.1.1,Unknown,MIT
multicast-dns,6.2.3,https://github.com/mafintosh/multicast-dns,MIT
multicast-dns-service-types,1.1.0,https://github.com/mafintosh/multicast-dns-service-types,MIT
multipart-post,2.0.0,https://github.com/nicksieger/multipart-post,MIT
multipipe,0.1.2,Unknown,MIT
mustache,0.99.8,http://github.com/mustache/mustache,MIT
mute-stream,0.0.7,http://blog.izs.me/,ISC
nan,2.11.1,Unknown,MIT
nanomatch,1.2.13,https://github.com/micromatch/nanomatch,MIT
natural-compare,1.4.0,https://github.com/litejs/natural-compare-lite,MIT
nearley,2.15.1,Unknown,MIT
needle,2.2.4,Unknown,MIT
negotiator,0.6.1,Unknown,MIT
neo-async,2.6.0,https://github.com/suguru03/neo-async,MIT
newrelic_rpm,5.5.0.348,https://github.com/newrelic/rpm,New Relic
next-tick,1.0.0,http://www.medikoo.com/,MIT
nice-try,1.0.5,https://github.com/electerious/nice-try,MIT
nio4r,2.3.1,https://github.com/socketry/nio4r,MIT
node-fetch,1.7.3,https://github.com/bitinn/node-fetch,MIT
node-forge,0.7.5,https://github.com/digitalbazaar/forge,(BSD-3-Clause OR GPL-2.0)
node-gyp,3.8.0,http://tootallnate.net,MIT
node-libs-browser,2.1.0,http://github.com/webpack/node-libs-browser,MIT
node-pre-gyp,0.10.3,Unknown,New BSD
node-sass,4.9.4,https://github.com/sass/node-sass,MIT
nokogiri,1.8.5,"",MIT
nomnom,1.6.2,Unknown,MIT
noms,0.0.0,Unknown,ISC
nopt,3.0.6,http://blog.izs.me/,ISC
nopt,4.0.1,http://blog.izs.me/,ISC
normalize-package-data,2.4.0,Unknown,Simplified BSD
normalize-path,2.1.1,https://github.com/jonschlinkert/normalize-path,MIT
normalize-range,0.1.2,github.com/jamestalmage,MIT
normalize-url,1.9.1,sindresorhus.com,MIT
npm-bundled,1.0.5,http://blog.izs.me/,ISC
npm-packlist,1.1.12,https://www.npmjs.com/package/npm-packlist,ISC
npm-run-path,2.0.2,sindresorhus.com,MIT
npmlog,4.1.2,http://blog.izs.me/,ISC
nth-check,1.0.2,https://github.com/fb55/nth-check,Simplified BSD
null-check,1.0.0,sindresorhus.com,MIT
num2fraction,1.2.2,http://iyunlu.com/view,MIT
number-is-nan,1.0.1,sindresorhus.com,MIT
oauth-sign,0.9.0,http://www.futurealoof.com,Apache 2.0
object-assign,3.0.0,http://sindresorhus.com,MIT
object-assign,4.1.0,sindresorhus.com,MIT
object-assign,4.1.1,sindresorhus.com,MIT
object-component,0.0.3,Unknown,MIT*
object-copy,0.1.0,https://github.com/jonschlinkert/object-copy,MIT
object-hash,1.3.0,https://github.com/puleos/object-hash,MIT
object-is,1.0.1,https://github.com/ljharb/object-is,MIT
object-keys,1.0.12,http://ljharb.codes,MIT
object-path,0.9.2,https://github.com/mariocasciaro/object-path,MIT
object-visit,1.0.1,https://github.com/jonschlinkert/object-visit,MIT
object.assign,4.1.0,Unknown,MIT
object.entries,1.0.4,Unknown,MIT
object.omit,2.0.1,https://github.com/jonschlinkert/object.omit,MIT
object.pick,1.3.0,https://github.com/jonschlinkert/object.pick,MIT
object.values,1.0.4,Unknown,MIT
obuf,1.1.2,https://github.com/indutny/offset-buffer,MIT
on-finished,2.3.0,Unknown,MIT
on-headers,1.0.1,Unknown,MIT
once,1.4.0,http://blog.izs.me/,ISC
onetime,2.0.1,sindresorhus.com,MIT
opn,5.4.0,sindresorhus.com,MIT
optimist,0.6.1,http://substack.net,MIT
optionator,0.8.2,https://github.com/gkz/optionator,MIT
options,0.0.6,http://2x.io,MIT
original,1.0.2,Unknown,MIT
os-browserify,0.3.0,Unknown,MIT
os-homedir,1.0.2,sindresorhus.com,MIT
os-locale,1.4.0,sindresorhus.com,MIT
os-locale,2.1.0,sindresorhus.com,MIT
os-tmpdir,1.0.2,sindresorhus.com,MIT
osenv,0.1.5,http://blog.izs.me/,ISC
p-finally,1.0.0,sindresorhus.com,MIT
p-limit,1.3.0,sindresorhus.com,MIT
p-locate,2.0.0,sindresorhus.com,MIT
p-map,1.2.0,sindresorhus.com,MIT
p-try,1.0.0,sindresorhus.com,MIT
pako,1.0.6,https://github.com/nodeca/pako,(MIT AND Zlib)
parallel,1.12.1,https://github.com/grosser/parallel,MIT
parallel-transform,1.1.0,Unknown,MIT
parallel_tests,2.21.2,http://github.com/grosser/parallel_tests,MIT
parents,1.0.1,https://github.com/substack/node-parents,MIT
parse-asn1,5.1.1,Unknown,ISC
parse-glob,3.0.4,https://github.com/jonschlinkert/parse-glob,MIT
parse-json,2.2.0,sindresorhus.com,MIT
parse-json,4.0.0,sindresorhus.com,MIT
parse5,3.0.3,https://github.com/inikulin/parse5,MIT
parsejson,0.0.3,https://github.com/get/parsejson,MIT
parseqs,0.0.5,https://github.com/get/querystring,MIT
parser,2.5.3.0,https://github.com/whitequark/parser,MIT
parseuri,0.0.5,https://github.com/get/parseuri,MIT
parseurl,1.3.2,Unknown,MIT
parslet,1.8.2,http://kschiess.github.io/parslet,MIT
pascalcase,0.1.1,https://github.com/jonschlinkert/pascalcase,MIT
path-browserify,0.0.0,https://github.com/substack/path-browserify,MIT
path-browserify,0.0.1,https://github.com/substack/path-browserify,MIT
path-complete-extname,0.1.0,https://github.com/ruyadorno/path-complete-extname,MIT
path-dirname,1.0.2,Unknown,MIT
path-exists,2.1.0,sindresorhus.com,MIT
path-exists,3.0.0,sindresorhus.com,MIT
path-is-absolute,1.0.1,sindresorhus.com,MIT
path-is-inside,1.0.2,https://domenic.me,(WTFPL OR MIT)
path-key,2.0.1,sindresorhus.com,MIT
path-parse,1.0.6,https://github.com/jbgutierrez/path-parse#readme,MIT
path-platform,0.11.15,http://github.com/tjfontaine/node-path-platform,MIT
path-to-regexp,0.1.7,Unknown,MIT
path-type,1.1.0,sindresorhus.com,MIT
path-type,2.0.0,sindresorhus.com,MIT
pbkdf2,3.0.17,https://github.com/crypto-browserify/pbkdf2,MIT
performance-now,2.1.0,https://github.com/braveg1rl/performance-now,MIT
pify,2.3.0,sindresorhus.com,MIT
pify,3.0.0,sindresorhus.com,MIT
pinkie,2.0.4,github.com/floatdrop,MIT
pinkie-promise,2.0.1,github.com/floatdrop,MIT
pkg-dir,1.0.0,sindresorhus.com,MIT
pkg-dir,2.0.0,sindresorhus.com,MIT
pleaserun,0.0.30,https://github.com/jordansissel/pleaserun,Apache 2.0
pluralize,7.0.0,http://blakeembrey.me,MIT
portfinder,1.0.19,Unknown,MIT
posix-character-classes,0.1.1,https://github.com/jonschlinkert/posix-character-classes,MIT
postcss,5.2.18,http://postcss.org/,MIT
postcss,6.0.23,https://postcss.org/,MIT
postcss-advanced-variables,1.2.2,https://github.com/jonathantneal/postcss-advanced-variables,CC0-1.0
postcss-atroot,0.1.3,Unknown,MIT
postcss-calc,5.3.1,Unknown,MIT
postcss-color-function,4.0.1,Unknown,MIT
postcss-colormin,2.2.2,https://github.com/ben-eb/postcss-colormin,MIT
postcss-convert-values,2.6.1,https://github.com/ben-eb/postcss-convert-values,MIT
postcss-custom-media,6.0.0,Unknown,MIT
postcss-custom-properties,6.3.1,Unknown,MIT
postcss-custom-selectors,4.0.1,Unknown,MIT
postcss-discard-comments,2.0.4,https://github.com/ben-eb/postcss-discard-comments,MIT
postcss-discard-duplicates,2.1.0,https://github.com/ben-eb/postcss-discard-duplicates,MIT
postcss-discard-empty,2.1.0,https://github.com/ben-eb/postcss-discard-empty,MIT
postcss-discard-overridden,0.1.1,https://github.com/Justineo/postcss-discard-overridden,MIT
postcss-discard-unused,2.2.3,https://github.com/ben-eb/postcss-discard-unused,MIT
postcss-extend,1.0.5,https://github.com/travco/postcss-extend,MIT
postcss-filter-plugins,2.0.3,https://github.com/postcss/postcss-filter-plugins,MIT
postcss-import,10.0.0,Unknown,MIT
postcss-js,1.0.1,Unknown,MIT
postcss-load-config,2.0.0,https://github.com/michael-ciniawsky/postcss-load-config#readme,MIT
postcss-loader,2.1.6,https://github.com/postcss/postcss-loader#readme,MIT
postcss-media-minmax,3.0.0,Unknown,MIT
postcss-merge-idents,2.1.7,https://github.com/ben-eb/postcss-merge-idents,MIT
postcss-merge-longhand,2.0.2,https://github.com/ben-eb/postcss-merge-longhand,MIT
postcss-merge-rules,2.1.2,https://github.com/ben-eb/postcss-merge-rules,MIT
postcss-message-helpers,2.0.0,Unknown,MIT
postcss-minify-font-values,1.0.5,https://github.com/TrySound/postcss-minify-font-values,MIT
postcss-minify-gradients,1.0.5,https://github.com/ben-eb/postcss-minify-gradients,MIT
postcss-minify-params,1.2.2,https://github.com/ben-eb/postcss-minify-params,MIT
postcss-minify-selectors,2.1.1,https://github.com/ben-eb/postcss-minify-selectors,MIT
postcss-mixins,6.2.0,Unknown,MIT
postcss-modules-extract-imports,1.2.1,https://github.com/css-modules/postcss-modules-extract-imports,ISC
postcss-modules-local-by-default,1.2.0,Unknown,MIT
postcss-modules-scope,1.1.0,https://github.com/css-modules/postcss-modules-scope,ISC
postcss-modules-values,1.3.0,https://github.com/css-modules/postcss-modules-values#readme,ISC
postcss-nested,2.1.2,Unknown,MIT
postcss-nesting,4.2.1,https://github.com/jonathantneal/postcss-nesting#readme,CC0-1.0
postcss-normalize-charset,1.1.1,https://github.com/ben-eb/postcss-charset,MIT
postcss-normalize-url,3.0.8,https://github.com/ben-eb/postcss-normalize-url,MIT
postcss-ordered-values,2.2.3,https://github.com/ben-eb/postcss-ordered-values,MIT
postcss-partial-import,4.1.0,https://github.com/jonathantneal/postcss-partial-import#readme,CC0-1.0
postcss-property-lookup,1.2.1,Unknown,MIT
postcss-reduce-idents,2.4.0,https://github.com/ben-eb/postcss-reduce-idents,MIT
postcss-reduce-initial,1.0.1,https://github.com/ben-eb/postcss-reduce-initial,MIT
postcss-reduce-transforms,1.0.4,https://github.com/ben-eb/postcss-reduce-transforms,MIT
postcss-sass,0.2.0,https://github.com/AleshaOleg/postcss-sass,MIT
postcss-scss,1.0.6,Unknown,MIT
postcss-selector-matches,3.0.1,Unknown,MIT
postcss-selector-not,3.0.1,Unknown,MIT
postcss-selector-parser,2.2.3,https://github.com/postcss/postcss-selector-parser,MIT
postcss-simple-vars,4.1.0,Unknown,MIT
postcss-smart-import,0.7.6,sebastian-software.de,MIT
postcss-svgo,2.1.6,https://github.com/ben-eb/postcss-svgo,MIT
postcss-unique-selectors,2.0.2,https://github.com/ben-eb/postcss-unique-selectors,MIT
postcss-value-parser,3.3.1,https://github.com/TrySound/postcss-value-parser,MIT
postcss-zindex,2.2.0,https://github.com/ben-eb/postcss-zindex,MIT
powerpack,0.1.2,https://github.com/bbatsov/powerpack,MIT
precss,2.0.0,https://github.com/jonathantneal/precss#readme,CC0-1.0
prelude-ls,1.1.2,http://preludels.com/,MIT
prepend-http,1.0.4,sindresorhus.com,MIT
preserve,0.2.0,https://github.com/jonschlinkert/preserve,MIT
prettier,1.14.3,https://prettier.io/,MIT
private,0.1.8,http://github.com/benjamn/private,MIT
process,0.11.10,Unknown,MIT
process-nextick-args,1.0.7,https://github.com/calvinmetcalf/process-nextick-args,MIT
process-nextick-args,2.0.0,https://github.com/calvinmetcalf/process-nextick-args,MIT
progress,2.0.1,Unknown,MIT
promise,7.3.1,Unknown,MIT
promise-each,2.2.0,Unknown,MIT
promise-inflight,1.0.1,https://github.com/iarna/promise-inflight#readme,ISC
prop-types,15.6.2,https://facebook.github.io/react/,MIT
prop-types-extra,1.1.0,https://github.com/react-bootstrap/prop-types-extra#readme,MIT
proxy-addr,2.0.4,Unknown,MIT
prr,1.0.1,https://github.com/rvagg/prr,MIT
pry,0.12.0,http://pryrepl.org,MIT
pry-byebug,3.6.0,https://github.com/deivid-rodriguez/pry-byebug,MIT
pry-doc,0.13.5,https://github.com/pry/pry-doc,MIT
pry-rails,0.3.7,https://github.com/rweng/pry-rails,MIT
pry-remote,0.1.8,http://github.com/Mon-Ouie/pry-remote,unknown
pry-stack_explorer,0.4.9.3,https://github.com/pry/pry-stack_explorer,MIT
pry-theme,1.2.0,https://github.com/kyrylo/pry-theme,zlib
pseudomap,1.0.2,https://github.com/isaacs/pseudomap#readme,ISC
psl,1.1.29,Unknown,MIT
public-encrypt,4.0.3,https://github.com/crypto-browserify/publicEncrypt,MIT
public_suffix,3.0.3,https://simonecarletti.com/code/publicsuffix-ruby,MIT
puma,3.12.0,http://puma.io,New BSD
pump,2.0.1,Unknown,MIT
pumpify,1.5.1,https://github.com/mafintosh/pumpify,MIT
punycode,1.3.2,https://mths.be/punycode,MIT
punycode,1.4.1,https://mths.be/punycode,MIT
punycode,2.1.1,https://mths.be/punycode,MIT
q,0.9.7,https://github.com/kriskowal/q,MIT
q,1.5.1,https://github.com/kriskowal/q,MIT
qjobs,1.2.0,Unknown,MIT
qs,6.5.2,https://github.com/ljharb/qs,New BSD
query-string,4.3.4,sindresorhus.com,MIT
querystring,0.2.0,Unknown,MIT
querystring-es3,0.2.1,Unknown,MIT
querystringify,2.1.0,https://github.com/unshiftio/querystringify,MIT
rack,2.0.6,https://rack.github.io/,MIT
rack-proxy,0.6.5,https://github.com/ncr/rack-proxy,MIT
rack-test,1.1.0,http://github.com/rack-test/rack-test,MIT
raf,3.4.1,Unknown,MIT
railroad-diagrams,1.0.0,https://github.com/tabatkins/railroad-diagrams,CC0-1.0
rails,5.2.1.1,http://rubyonrails.org,MIT
rails-controller-testing,1.0.2,https://github.com/rails/rails-controller-testing,MIT
rails-dom-testing,2.0.3,https://github.com/rails/rails-dom-testing,MIT
rails-erb-loader,5.5.0,https://github.com/usabilityhub/rails-erb-loader#readme,MIT
rails-html-sanitizer,1.0.4,https://github.com/rails/rails-html-sanitizer,MIT
rails-i18n,5.1.2,http://github.com/svenfuchs/rails-i18n,MIT
railties,5.2.1.1,http://rubyonrails.org,MIT
rainbow,2.2.2,https://github.com/sickill/rainbow,MIT
rake,12.3.1,https://github.com/ruby/rake,MIT
randexp,0.4.6,http://fent.github.io/randexp.js/,MIT
randomatic,3.1.1,https://github.com/jonschlinkert/randomatic,MIT
randombytes,2.0.6,https://github.com/crypto-browserify/randombytes,MIT
randomfill,1.0.4,https://github.com/crypto-browserify/randomfill,MIT
range-parser,1.2.0,http://tjholowaychuk.com,MIT
raw-body,2.3.3,http://jongleberry.com,MIT
rb-fsevent,0.10.3,http://rubygems.org/gems/rb-fsevent,MIT
rb-inotify,0.9.10,https://github.com/guard/rb-inotify,MIT
rc,1.2.8,dominictarr.com,(BSD-2-Clause OR MIT OR Apache-2.0)
react,16.3.2,https://reactjs.org/,MIT
react-autocomplete,1.8.1,https://github.com/reactjs/react-autocomplete,MIT
react-autosuggest,9.4.2,Unknown,MIT
react-autowhatever,10.1.2,Unknown,MIT
react-bootstrap,0.32.4,https://react-bootstrap.github.io/,MIT
react-bootstrap-table,4.3.1,Unknown,MIT
react-clipboard.js,1.1.4,Unknown,CC0
react-datetime,2.16.2,https://github.com/YouCanBookMe/react-datetime,MIT
react-dom,16.3.3,https://reactjs.org/,MIT
react-input-autosize,2.2.1,Unknown,MIT
react-is,16.6.0,https://reactjs.org/,MIT
react-lifecycles-compat,3.0.4,Unknown,MIT
react-maskedinput,4.0.1,https://github.com/insin/react-maskedinput,MIT
react-modal,3.6.1,https://github.com/reactjs/react-modal,MIT
react-onclickoutside,6.7.1,https://github.com/Pomax/react-onclickoutside,MIT
react-overlays,0.8.3,Unknown,MIT
react-prop-types,0.4.0,https://github.com/react-bootstrap/react-prop-types#readme,MIT
react-redux,5.0.5,https://github.com/gaearon/react-redux,MIT
react-router,3.2.0,https://github.com/ReactTraining/react-router#readme,MIT
react-router-redux,4.0.8,Unknown,MIT
react-s-alert,1.4.1,https://github.com/juliancwirko/react-s-alert,MIT
react-select,1.3.0,Unknown,MIT
react-test-renderer,15.6.2,https://facebook.github.io/react/,MIT
react-test-renderer,16.6.0,https://reactjs.org/,MIT
react-themeable,1.1.0,https://github.com/markdalgleish/react-themeable#readme,MIT
react-transition-group,2.5.0,https://github.com/reactjs/react-transition-group#readme,New BSD
react-widgets,3.5.0,http://jquense.github.io/react-widgets/docs/,MIT
react-wood-duck,0.1.79,https://github.com/ca-cwds/react-wood-duck,AGPL-3.0
read-cache,1.0.0,https://github.com/TrySound/read-cache#readme,MIT
read-only-stream,2.0.0,https://github.com/substack/read-only-stream,MIT
read-pkg,1.1.0,sindresorhus.com,MIT
read-pkg,2.0.0,sindresorhus.com,MIT
read-pkg-up,1.0.1,sindresorhus.com,MIT
read-pkg-up,2.0.0,sindresorhus.com,MIT
readable-stream,1.0.34,http://blog.izs.me/,MIT
readable-stream,1.1.14,http://blog.izs.me/,MIT
readable-stream,2.0.6,Unknown,MIT
readable-stream,2.3.6,Unknown,MIT
readable-stream,3.0.6,Unknown,MIT
readdirp,2.2.1,https://github.com/paulmillr/readdirp,MIT
redent,1.0.0,sindresorhus.com,MIT
redis,4.0.3,https://github.com/redis/redis-rb,MIT
redis-actionpack,5.0.2,http://redis-store.org/redis-actionpack,MIT
redis-activesupport,5.0.7,http://redis-store.org/redis-activesupport,MIT
redis-rack,2.0.5,http://redis-store.org/redis-rack,MIT
redis-rails,5.0.2,http://redis-store.org/redis-rails,MIT
redis-store,1.6.0,http://redis-store.org/redis-store,MIT
reduce-css-calc,1.3.0,Unknown,MIT
reduce-function-call,1.0.2,Unknown,MIT
redux,3.6.0,http://redux.js.org/,MIT
redux-devtools-extension,2.13.5,https://github.com/zalmoxisus/redux-devtools-extension,MIT
redux-immutable,4.0.0,http://gajus.com,New BSD
redux-mock-store,1.2.3,https://github.com/arnaudbenard/redux-mock-store#readme,MIT
redux-saga,0.15.6,https://redux-saga.js.org/,MIT
redux-test-utils,0.1.3,Unknown,MIT
regenerate,1.4.0,https://mths.be/regenerate,MIT
regenerator-runtime,0.10.5,Unknown,MIT
regenerator-runtime,0.11.1,Unknown,MIT
regenerator-runtime,0.12.1,Unknown,MIT
regenerator-transform,0.10.1,Unknown,BSD
regex-cache,0.4.4,https://github.com/jonschlinkert/regex-cache,MIT
regex-not,1.0.2,https://github.com/jonschlinkert/regex-not,MIT
regex-parser,2.2.9,https://github.com/IonicaBizau/regex-parser.js,MIT
regexpp,2.0.1,https://github.com/mysticatea/regexpp#readme,MIT
regexpu-core,1.0.0,https://mths.be/regexpu,MIT
regexpu-core,2.0.0,https://mths.be/regexpu,MIT
regjsgen,0.2.0,https://github.com/d10/regjsgen,MIT
regjsparser,0.1.5,https://github.com/jviereck/regjsparser,Simplified BSD
remap-istanbul,0.9.6,https://github.com/SitePen/remap-istanbul,New BSD
remove-trailing-separator,1.1.0,https://github.com/darsain/remove-trailing-separator#readme,ISC
repeat-element,1.1.3,https://github.com/jonschlinkert/repeat-element,MIT
repeat-string,0.2.2,https://github.com/jonschlinkert/repeat-string,MIT
repeat-string,1.6.1,https://github.com/jonschlinkert/repeat-string,MIT
repeating,2.0.1,sindresorhus.com,MIT
replace-ext,0.0.1,http://github.com/wearefractal/replace-ext,MIT
request,2.88.0,Unknown,Apache 2.0
request_store,1.4.1,http://github.com/steveklabnik/request_store,MIT
require-directory,2.1.1,https://github.com/troygoode/node-require-directory/,MIT
require-from-string,2.0.2,github.com/floatdrop,MIT
require-main-filename,1.0.1,https://github.com/yargs/require-main-filename#readme,ISC
require-uncached,1.0.3,sindresorhus.com,MIT
requires-port,1.0.0,https://github.com/unshiftio/requires-port,MIT
reselect,3.0.1,Unknown,MIT
resolve,1.1.7,http://substack.net,MIT
resolve,1.8.1,http://substack.net,MIT
resolve-cwd,2.0.0,sindresorhus.com,MIT
resolve-from,1.0.1,sindresorhus.com,MIT
resolve-from,3.0.0,sindresorhus.com,MIT
resolve-url,0.2.1,Unknown,MIT
resolve-url-loader,2.3.1,https://github.com/bholloway/resolve-url-loader,MIT
responders,2.4.0,http://github.com/plataformatec/responders,MIT
restore-cursor,2.0.0,sindresorhus.com,MIT
ret,0.1.15,https://github.com/fent,MIT
rework,1.0.1,Unknown,MIT
rework-visit,1.0.0,Unknown,MIT
rgb,0.1.0,http://mad4milk.net,MIT (http://mootools.net/license.txt)
right-align,0.1.3,https://github.com/jonschlinkert/right-align,MIT
rimraf,2.6.2,http://blog.izs.me/,ISC
ripemd160,2.0.2,Unknown,MIT
rspec-core,3.8.0,https://github.com/rspec/rspec-core,MIT
rspec-expectations,3.8.2,https://github.com/rspec/rspec-expectations,MIT
rspec-mocks,3.8.0,https://github.com/rspec/rspec-mocks,MIT
rspec-rails,3.8.1,https://github.com/rspec/rspec-rails,MIT
rspec-support,3.8.0,https://github.com/rspec/rspec-support,MIT
rspec_junit_formatter,0.4.1,http://github.com/sj26/rspec_junit_formatter,MIT
rst-selector-parser,2.2.3,http://gajus.com,New BSD
rubocop,0.50.0,https://github.com/bbatsov/rubocop,MIT
rubocop-junit-formatter,0.1.4,https://github.com/mikian/rubocop-junit-formatter,MIT
ruby-progressbar,1.10.0,https://github.com/jfelchner/ruby-progressbar,MIT
ruby-xz,1.0.0,https://mg.guelker.eu/projects/ruby-xz/,MIT
ruby_parser,3.11.0,https://github.com/seattlerb/ruby_parser,MIT
rubyzip,1.2.2,http://github.com/rubyzip/rubyzip,Simplified BSD
run-async,2.3.0,Unknown,MIT
run-queue,1.0.3,https://npmjs.com/package/run-queue,ISC
rxjs,6.3.3,https://github.com/ReactiveX/RxJS,Apache 2.0
safe-buffer,5.1.2,https://github.com/feross/safe-buffer,MIT
safe-regex,1.1.0,https://github.com/substack/safe-regex,MIT
safe_yaml,1.0.4,https://github.com/dtao/safe_yaml,MIT
safer-buffer,2.1.2,https://github.com/ChALkeR,MIT
sanitize-html,1.19.1,Unknown,MIT
sass,3.7.1,http://sass-lang.com/,MIT
sass-graph,2.2.4,Unknown,MIT
sass-listen,4.0.0,https://github.com/sass/listen,MIT
sass-loader,6.0.7,https://github.com/webpack-contrib/sass-loader,MIT
sax,1.2.4,http://blog.izs.me/,ISC
scheduler,0.10.0,https://reactjs.org/,MIT
schema-utils,0.3.0,https://github.com/webpack-contrib/schema-utils#readme,MIT
schema-utils,0.4.7,https://github.com/webpack-contrib/schema-utils,MIT
scss-tokenizer,0.2.3,https://github.com/sasstools/scss-tokenizer,MIT
scss_lint,0.57.1,https://github.com/brigade/scss-lint,MIT
section-iterator,2.0.0,Unknown,MIT
select,1.1.2,Unknown,MIT
select-hose,2.0.0,https://github.com/indutny/select-hose#readme,MIT
selenium-webdriver,3.11.0,https://github.com/seleniumhq/selenium,Apache 2.0
selfsigned,1.10.4,http://joseoncode.com,MIT
semver,4.3.6,Unknown,ISC
semver,5.3.0,Unknown,ISC
semver,5.6.0,Unknown,ISC
send,0.16.2,Unknown,MIT
serialize-javascript,1.5.0,https://github.com/yahoo/serialize-javascript,New BSD
serve-index,1.9.1,Unknown,MIT
serve-static,1.13.2,Unknown,MIT
set-blocking,2.0.0,https://github.com/yargs/set-blocking#readme,ISC
set-value,0.4.3,https://github.com/jonschlinkert/set-value,MIT
set-value,2.0.0,https://github.com/jonschlinkert/set-value,MIT
setimmediate,1.0.5,Unknown,MIT
setprototypeof,1.1.0,https://github.com/wesleytodd/setprototypeof,ISC
sexp_processor,4.11.0,https://github.com/seattlerb/sexp_processor,MIT
sha.js,2.4.11,https://github.com/crypto-browserify/sha.js,(MIT AND BSD-3-Clause)
shallow-clone,1.0.0,https://github.com/jonschlinkert/shallow-clone,MIT
shallow-equal,1.0.0,Unknown,MIT
shasum,1.0.2,https://github.com/dominictarr/shasum,MIT
shebang-command,1.2.0,github.com/kevva,MIT
shebang-regex,1.0.0,sindresorhus.com,MIT
shell-quote,1.6.1,http://substack.net,MIT
signal-exit,3.0.2,https://github.com/tapjs/signal-exit,ISC
simple-concat,1.0.0,https://github.com/feross/simple-concat,MIT
simplecov,0.16.1,http://github.com/colszowka/simplecov,MIT
simplecov-html,0.10.2,https://github.com/colszowka/simplecov-html,MIT
simplecov-parallel,0.4.0,https://github.com/increments/simplecov-parallel,MIT
slash,1.0.0,http://sindresorhus.com,MIT
slice-ansi,1.0.0,Unknown,MIT
slop,3.6.0,http://github.com/leejarvis/slop,MIT
snapdragon,0.8.2,https://github.com/jonschlinkert/snapdragon,MIT
snapdragon-node,2.1.1,https://github.com/jonschlinkert/snapdragon-node,MIT
snapdragon-util,3.0.1,https://github.com/jonschlinkert/snapdragon-util,MIT
socket.io,1.7.3,Unknown,MIT
socket.io-adapter,0.5.0,Unknown,MIT
socket.io-client,1.7.3,Unknown,MIT
socket.io-parser,2.3.1,Unknown,MIT
sockjs,0.3.19,https://github.com/sockjs/sockjs-node,MIT
sockjs-client,1.1.5,http://sockjs.org/,MIT
sort-keys,1.1.2,sindresorhus.com,MIT
source-list-map,2.0.1,https://github.com/webpack/source-list-map,MIT
source-map,0.2.0,https://github.com/mozilla/source-map,New BSD
source-map,0.4.4,https://github.com/mozilla/source-map,New BSD
source-map,0.5.7,https://github.com/mozilla/source-map,New BSD
source-map,0.6.1,https://github.com/mozilla/source-map,New BSD
source-map-resolve,0.5.2,Unknown,MIT
source-map-support,0.4.18,Unknown,MIT
source-map-url,0.4.0,Unknown,MIT
sparkles,1.0.1,http://gulpjs.com/,MIT
spdx-correct,3.0.2,https://kemitchell.com,Apache 2.0
spdx-exceptions,2.2.0,Unknown,CC-BY-3.0
spdx-expression-parse,3.0.0,http://kemitchell.com,MIT
spdx-license-ids,3.0.2,https://github.com/shinnn,CC0-1.0
spdy,3.4.7,https://github.com/indutny/node-spdy,MIT
spdy-transport,2.1.0,https://github.com/spdy-http2/spdy-transport,MIT
split-string,3.1.0,https://github.com/jonschlinkert/split-string,MIT
spring,2.0.2,https://github.com/rails/spring,MIT
sprintf-js,1.0.3,http://alexei.ro/,New BSD
sprockets,3.7.2,https://github.com/rails/sprockets,MIT
sprockets-rails,3.2.1,https://github.com/rails/sprockets-rails,MIT
srcset,1.0.0,sindresorhus.com,MIT
sshpk,1.15.2,https://github.com/arekinath/node-sshpk#readme,MIT
ssri,5.3.0,Unknown,ISC
static-extend,0.1.2,https://github.com/jonschlinkert/static-extend,MIT
statuses,1.3.1,Unknown,MIT
statuses,1.4.0,Unknown,MIT
statuses,1.5.0,Unknown,MIT
stdout-stream,1.4.1,Unknown,MIT
stream-browserify,2.0.1,https://github.com/substack/stream-browserify,MIT
stream-combiner2,1.1.1,https://github.com/substack/stream-combiner2,MIT
stream-each,1.2.3,https://github.com/mafintosh/stream-each,MIT
stream-http,2.8.3,https://github.com/jhiesey/stream-http#readme,MIT
stream-shift,1.0.0,https://github.com/mafintosh/stream-shift,MIT
stream-splicer,2.0.0,https://github.com/substack/stream-splicer,MIT
strict-uri-encode,1.1.0,github.com/kevva,MIT
string-width,1.0.2,sindresorhus.com,MIT
string-width,2.1.1,sindresorhus.com,MIT
string_decoder,0.10.31,https://github.com/rvagg/string_decoder,MIT
string_decoder,1.0.3,https://github.com/rvagg/string_decoder,MIT
string_decoder,1.1.1,https://github.com/nodejs/string_decoder,MIT
strip-ansi,3.0.1,sindresorhus.com,MIT
strip-ansi,4.0.0,sindresorhus.com,MIT
strip-bom,2.0.0,sindresorhus.com,MIT
strip-bom,3.0.0,sindresorhus.com,MIT
strip-eof,1.0.0,sindresorhus.com,MIT
strip-indent,1.0.1,http://sindresorhus.com,MIT
strip-json-comments,2.0.1,sindresorhus.com,MIT
stud,0.0.23,https://github.com/jordansissel/ruby-stud,unknown
style-loader,0.18.2,Unknown,MIT
subarg,1.0.0,https://github.com/substack/subarg,MIT
sugarss,1.0.1,Unknown,MIT
supports-color,2.0.0,sindresorhus.com,MIT
supports-color,3.2.3,sindresorhus.com,MIT
supports-color,4.5.0,sindresorhus.com,MIT
supports-color,5.5.0,sindresorhus.com,MIT
svgo,0.7.2,https://github.com/svg/svgo,MIT
symbol-observable,1.2.0,Unknown,MIT
syntax-error,1.4.0,https://github.com/substack/node-syntax-error,MIT
sysexits,1.2.0,https://bitbucket.org/ged/sysexits,BSD
system_information,0.1.0,https://github.com/ca-cwds,AGPL-3.0
table,5.1.0,http://gajus.com,New BSD
tapable,0.2.8,https://github.com/webpack/tapable,MIT
tar,2.2.1,http://blog.izs.me/,ISC
tar,4.4.6,http://blog.izs.me/,ISC
tcomb,2.7.0,https://github.com/gcanti/tcomb,MIT
temple,0.8.0,https://github.com/judofyr/temple,MIT
terminal-table,1.8.0,https://github.com/tj/terminal-table,MIT
text-table,0.2.0,https://github.com/substack/text-table,MIT
thor,0.20.3,http://whatisthor.com/,MIT
thread_safe,0.3.6,https://github.com/ruby-concurrency/thread_safe,Apache 2.0
through,2.3.8,https://github.com/dominictarr/through,MIT
through2,2.0.1,https://github.com/rvagg,MIT
through2,2.0.3,https://github.com/rvagg,MIT
thunky,1.0.3,https://github.com/mafintosh/thunky#readme,MIT
tilt,2.0.8,http://github.com/rtomayko/tilt/,MIT
time-stamp,1.1.0,https://github.com/jonschlinkert/time-stamp,MIT
time-stamp,2.2.0,https://github.com/jonschlinkert/time-stamp,MIT
timers-browserify,1.4.2,https://github.com/jryans/timers-browserify,MIT
timers-browserify,2.0.10,https://github.com/jryans/timers-browserify,MIT
tiny-emitter,2.0.2,Unknown,MIT
tmp,0.0.31,http://github.com/raszi/node-tmp,MIT
tmp,0.0.33,http://github.com/raszi/node-tmp,MIT
to-array,0.1.4,https://github.com/Raynos/to-array,MIT
to-arraybuffer,1.0.1,https://github.com/jhiesey/to-arraybuffer#readme,MIT
to-fast-properties,1.0.3,sindresorhus.com,MIT
to-fast-properties,2.0.0,sindresorhus.com,MIT
to-object-path,0.3.0,https://github.com/jonschlinkert/to-object-path,MIT
to-regex,3.0.2,https://github.com/jonschlinkert/to-regex,MIT
to-regex-range,2.1.1,https://github.com/micromatch/to-regex-range,MIT
toml,0.2.0,http://github.com/jm/toml,MIT
tough-cookie,2.4.3,https://github.com/salesforce/tough-cookie,New BSD
trim-newlines,1.0.0,sindresorhus.com,MIT
trim-right,1.0.1,sindresorhus.com,MIT
true-case-path,1.0.3,https://github.com/barsh/true-case-path#readme,Apache 2.0
tslib,1.9.3,http://typescriptlang.org/,Apache 2.0
tty-browserify,0.0.0,https://github.com/substack/tty-browserify,MIT
tty-browserify,0.0.1,https://github.com/browserify/tty-browserify,MIT
tunnel-agent,0.6.0,http://www.futurealoof.com,Apache 2.0
tweetnacl,0.14.5,https://tweetnacl.js.org/,Unlicense
type-check,0.3.2,https://github.com/gkz/type-check,MIT
type-is,1.6.16,Unknown,MIT
typedarray,0.0.6,https://github.com/substack/typedarray,MIT
tzinfo,1.2.5,http://tzinfo.github.io,MIT
ua-parser-js,0.7.19,http://github.com/faisalman/ua-parser-js,(GPL-2.0 OR MIT)
uglify-js,2.8.29,http://lisperator.net/uglifyjs,Simplified BSD
uglify-js,3.4.9,http://lisperator.net/,Simplified BSD
uglify-to-browserify,1.0.2,Unknown,MIT
uglifyjs-webpack-plugin,0.4.6,https://github.com/webpack-contrib/uglifyjs-webpack-plugin,MIT
ultron,1.0.2,https://github.com/unshiftio/ultron,MIT
umd,3.0.3,Unknown,MIT
uncontrollable,4.1.0,Unknown,MIT
uncontrollable,5.1.0,Unknown,MIT
undeclared-identifiers,1.1.2,https://github.com/goto-bus-stop/undeclared-identifiers,Apache 2.0
underscore,1.4.4,http://underscorejs.org/,MIT
unicode-display_width,1.4.0,http://github.com/janlelis/unicode-display_width,MIT
union-value,1.0.0,https://github.com/jonschlinkert/union-value,MIT
uniq,1.0.1,Unknown,MIT
uniqs,2.0.0,Unknown,MIT
unique-filename,1.1.1,https://github.com/iarna/unique-filename,ISC
unique-slug,2.0.1,http://re-becca.org,ISC
unpipe,1.0.0,Unknown,MIT
unset-value,1.0.0,https://github.com/jonschlinkert/unset-value,MIT
upath,1.1.0,http://github.com/anodynos/upath/,MIT
uri-js,4.2.2,https://github.com/garycourt/uri-js,Simplified BSD
urix,0.1.0,Unknown,MIT
url,0.11.0,Unknown,MIT
url-parse,1.4.3,Unknown,MIT
use,3.1.1,https://github.com/jonschlinkert/use,MIT
useragent,2.3.0,Unknown,MIT
util,0.10.3,https://github.com/defunctzombie/node-util,MIT
util,0.10.4,https://github.com/defunctzombie/node-util,MIT
util-deprecate,1.0.2,https://github.com/TooTallNate/util-deprecate,MIT
utils-merge,1.0.1,http://www.jaredhanson.net/,MIT
uuid,3.3.2,Unknown,MIT
validate-npm-package-license,3.0.4,https://kemitchell.com,Apache 2.0
vary,1.1.2,Unknown,MIT
vendors,1.0.2,http://wooorm.com,MIT
verror,1.10.0,Unknown,MIT
vinyl,0.4.6,http://github.com/wearefractal/vinyl,MIT
vinyl,0.5.3,http://github.com/wearefractal/vinyl,MIT
vinyl-buffer,1.0.1,https://github.com/hughsk/vinyl-buffer,MIT
vinyl-source-stream,1.1.2,https://github.com/hughsk/vinyl-source-stream,MIT
virtus,1.0.5,https://github.com/solnic/virtus,MIT
vm-browserify,0.0.4,http://substack.net,MIT
void-elements,2.0.1,https://github.com/hemanth/void-elements,MIT
warning,2.1.0,https://github.com/r3dm/warning,Simplified BSD
warning,3.0.0,https://github.com/BerkeleyTrue/warning,New BSD
watchpack,1.6.0,https://github.com/webpack/watchpack,MIT
wbuf,1.7.3,https://github.com/indutny/wbuf,MIT
web-console,3.7.0,https://github.com/rails/web-console,MIT
webmock,3.4.2,http://github.com/bblimke/webmock,MIT
webpack,3.12.0,https://github.com/webpack/webpack,MIT
webpack-dev-middleware,1.12.2,http://github.com/webpack/webpack-dev-middleware,MIT
webpack-dev-server,2.11.3,https://github.com/webpack/webpack-dev-server,MIT
webpack-manifest-plugin,1.3.2,https://github.com/danethurber/webpack-manifest-plugin,MIT
webpack-merge,4.1.4,https://github.com/survivejs/webpack-merge,MIT
webpack-sources,1.3.0,https://github.com/webpack/webpack-sources#readme,MIT
webpacker,3.5.5,https://github.com/rails/webpacker,MIT
websocket-driver,0.7.0,https://github.com/faye/websocket-driver-ruby,MIT
websocket-extensions,0.1.3,https://github.com/faye/websocket-extensions-ruby,MIT
whatwg-fetch,3.0.0,Unknown,MIT
whet.extend,0.9.9,Unknown,MIT
which,1.3.1,http://blog.izs.me,ISC
which-module,1.0.0,https://github.com/nexdrew/which-module#readme,ISC
which-module,2.0.0,https://github.com/nexdrew/which-module#readme,ISC
wide-align,1.1.3,http://re-becca.org/,ISC
window-size,0.1.0,https://github.com/jonschlinkert/window-size,MIT
with_env,1.1.0,https://github.com/mhs/with_env-rb,MIT
wordwrap,0.0.2,http://substack.net,MIT
wordwrap,0.0.3,http://substack.net,MIT
wordwrap,1.0.0,http://substack.net,MIT
wrap-ansi,2.1.0,sindresorhus.com,MIT
wrappy,1.0.2,https://github.com/npm/wrappy,ISC
write,0.2.1,https://github.com/jonschlinkert/write,MIT
ws,1.1.2,http://2x.io,MIT
wtf-8,1.0.0,https://mths.be/wtf8,MIT
xml-simple,1.1.5,https://github.com/maik/xml-simple,ruby
xmlbuilder,10.1.1,http://github.com/oozcitak/xmlbuilder-js,MIT
xmlbuilder,8.2.2,http://github.com/oozcitak/xmlbuilder-js,MIT
xmlhttprequest-ssl,1.5.3,Unknown,MIT
xpath,3.2.0,https://github.com/teamcapybara/xpath,MIT
xtend,4.0.1,https://github.com/Raynos/xtend,MIT
y18n,3.2.1,https://github.com/yargs/y18n,ISC
y18n,4.0.0,https://github.com/yargs/y18n,ISC
yallist,2.1.2,http://blog.izs.me/,ISC
yallist,3.0.2,http://blog.izs.me/,ISC
yard,0.9.16,http://yardoc.org,MIT
yargs,3.10.0,http://CodeTunnel.com,MIT
yargs,6.6.0,http://yargs.js.org/,MIT
yargs,7.1.0,http://yargs.js.org/,MIT
yargs,8.0.2,http://yargs.js.org/,MIT
yargs-parser,4.2.1,Unknown,ISC
yargs-parser,5.0.0,Unknown,ISC
yargs-parser,7.0.0,Unknown,ISC
yeast,0.1.2,https://github.com/unshiftio/yeast,MIT
